hang,mau,nam,so_km,dong_co,so_cho,gia_vnd,mau_xe,tinh_trang,loai_dong_co
Mazda,6 Premium 2.0 AT,2020,75000,máy xăng 2.0 L,5,655000000,xanh,Xe cũ,Xăng
Hyundai,Elantra N-Line 1.6 Turbo AT,2023,50000,máy xăng 1.6 L,5,678000000,đỏ,Xe cũ,Xăng
Toyota,Vios 1.5G,2017,10500,máy xăng 1.5 L,5,363000000,trắng,Xe cũ,Xăng
Kia,Carnival Signature 2.2D,2022,61000,máy dầu 2.2 L,7,1245000000,đen,Xe cũ,Dầu
LandRover,Range Rover HSE 3.0,2013,,máy xăng 3.0 L,5,2230000000,đen,Xe cũ,Xăng
Ford,EcoSport Titanium 1.5L AT,2015,98000,máy xăng 1.5 L,5,390000000,xám,Xe cũ,Xăng
VinFast,Lux A 2.0 Premium 2.0 AT,2019,59000,máy xăng 2.0 L,5,599000000,trắng,Xe cũ,Xăng
Toyota,Innova V,2010,120000,máy xăng 2.0 L,8,255000000,bạc,Xe cũ,Xăng
Mitsubishi,Xpander Premium 1.5 AT,2023,40000,máy xăng 1.5 L,7,590000000,trắng,Xe cũ,Xăng
Mercedes,Benz E class E250,2009,170000,máy xăng 1.8 L,5,330000000,ghi,Xe cũ,Xăng
Mazda,CX5 2.0 Premium,2020,66789,máy xăng 2.0 L,5,715000000,đỏ,Xe cũ,Xăng
Toyota,Vios 1.5G,2018,,máy xăng 1.5 L,5,395000000,cát,Xe cũ,Xăng
Ford,Ranger Wildtrak 2.0L 4x4 AT,2022,45000,máy dầu 2.0 L,5,780000000,đen,Xe cũ,Dầu
Mitsubishi,Xpander Premium 1.5 AT,2024,,máy xăng 1.5 L,7,625000000,trắng,Xe cũ,Xăng
Mazda,CX5 Luxury 2.0 AT,2024,11000,máy xăng 2.0 L,5,815000000,xanh,Xe cũ,Xăng
Nissan,Terra V 2.5 AT 4WD,2018,90000,máy xăng 2.5 L,7,665000000,nâu,Xe cũ,Xăng
Honda,City 1.5 MT,2017,,máy xăng 1.5 L,5,295000000,trắng,Xe cũ,Xăng
Mazda,3 1.5L Premium,2022,50000,máy xăng 1.5 L,5,619000000,trắng,Xe cũ,Xăng
Ford,Focus S 2.0 AT,2015,81000,máy xăng 2.0 L,5,310000000,trắng,Xe cũ,Xăng
Honda,CRV L,2020,60000,máy xăng 1.5 L,7,815000000,đỏ,Xe cũ,Xăng
Honda,CRV L,2020,60000,máy xăng 1.5 L,7,815000000,đỏ,Xe cũ,Xăng
BMW,X4 xDrive28i,2016,60000,máy xăng 2.0 L,5,990000000,xanh,Xe cũ,Xăng
Honda,City RS 1.5 AT,2022,39000,máy xăng 1.5 L,5,510000000,xám,Xe cũ,Xăng
Chevrolet,Spark Van 1.0 AT,2011,110000,máy xăng 1.0 L,2,99000000,trắng,Xe cũ,Xăng
Mercedes,Benz GLC 200 4Matic,2022,60000,máy xăng 2.0 L,5,1679000000,trắng,Xe cũ,Xăng
Toyota,Raize G 1.0 CVT,2023,11000,máy xăng 1.0 L,5,520000000,đen,Xe cũ,Xăng
Toyota,Fortuner 2.5G,2016,80000,máy dầu 2.5 L,7,565000000,bạc,Xe cũ,Dầu
Mercedes,Benz GLC 300 4Matic,2017,,máy xăng 2.0 L,5,999000000,trắng,Xe cũ,Xăng
Audi,Q7 2.0 AT,2017,96000,máy xăng 2.0 L,7,1419000000,đen,Xe cũ,Xăng
Ford,Everest Titanium 2.0L 4x2 AT,2022,48000,máy dầu 2.0 L,7,1179000000,bạc,Xe cũ,Dầu
BMW,7 Series 750Li,2011,,máy xăng 4.4 L,5,680000000,đen,Xe cũ,Xăng
Ford,Ranger XLS 2.2L 4x2 AT,2017,140000,máy dầu 2.2 L,5,455000000,trắng,Xe cũ,Dầu
Mitsubishi,Xpander Premium 1.5 AT,2023,45000,máy xăng 1.5 L,7,595000000,trắng,Xe cũ,Xăng
Mazda,3 1.5 AT,2018,83000,máy xăng 1.5 L,5,447000000,trắng,Xe cũ,Xăng
Ford,Ranger Raptor 2.0L 4x4 AT,2022,68000,máy dầu 2.0 L,5,959000000,đen,Xe cũ,Dầu
Hyundai,Accent 1.4 AT Đặc Biệt,2023,18000,máy xăng 1.4 L,5,485000000,trắng,Xe cũ,Xăng
Peugeot,3008 GT,2022,23000,máy xăng 1.6 L,5,899000000,trắng,Xe cũ,Xăng
Ford,EcoSport Titanium 1.5L AT,2020,75000,máy xăng 1.5 L,5,450000000,trắng,Xe cũ,Xăng
Hyundai,Kona 2.0 ATH,2019,24000,máy xăng 2.0 L,5,505000000,vàng,Xe cũ,Xăng
Toyota,Innova G,2008,46000,máy xăng 2.0 L,8,260000000,bạc,Xe cũ,Xăng
Mercedes,Benz GLK Class GLK250 4Matic,2014,96000,máy xăng 2.0 L,5,565000000,bạc,Xe cũ,Xăng
Chevrolet,Lacetti 1.6,2012,215686,máy xăng 1.6 L,5,98000000,đen,Xe cũ,Xăng
Kia,Seltos Premium 1.6 AT,2020,27000,máy xăng 1.6 L,5,569000000,vàng,Xe cũ,Xăng
Mazda,CX5 2.5 AT 2WD,2019,85000,máy xăng 2.5 L,5,650000000,đỏ,Xe cũ,Xăng
Honda,HRV L,2019,70000,máy xăng 1.8 L,5,565000000,trắng,Xe cũ,Xăng
Ford,Everest Titanium 2.0L 4x2 AT,2021,20000,máy dầu 2.0 L,7,925000000,đen,Xe cũ,Dầu
Mercedes,Benz C class C200 Avantgarde Plus,2022,9999,máy xăng 1.5 L,5,1459000000,trắng,Xe cũ,Xăng
Mercedes,Benz E class E180,2023,36,máy xăng 1.5 L,5,2000000000,đen,Xe cũ,Xăng
Ford,Everest Titanium 2.0L 4x2 AT,2020,92000,máy dầu 2.0 L,7,899000000,đen,Xe cũ,Dầu
Mazda,3 1.5L Premium,2021,52000,máy xăng 1.5 L,5,575000000,xanh,Xe cũ,Xăng
Toyota,Corolla altis 2.0V,2010,123333,máy xăng 2.0 L,5,310000000,vàng,Xe cũ,Xăng
Honda,CRV 2.0 AT,2014,122222,máy xăng 2.0 L,5,449000000,bạc,Xe cũ,Xăng
Mazda,CX8 Luxury,2019,67000,máy xăng 2.5 L,7,765000000,trắng,Xe cũ,Xăng
Toyota,Innova 2.0G,2014,,máy xăng 2.0 L,8,328000000,cát,Xe cũ,Xăng
Kia,K3 Premium 2.0 AT,2022,48000,máy xăng 2.0 L,5,565000000,đỏ,Xe cũ,Xăng
Mazda,CX5 2.5 AT AWD,2018,60000,máy xăng 2.5 L,5,610000000,trắng,Xe cũ,Xăng
Mercedes,Benz C class C300 AMG,2020,64000,máy xăng 2.0 L,5,1169000000,đen,Xe cũ,Xăng
Mercedes,Benz E class E200 Exclusive,2021,27290,máy xăng 2.0 L,5,1697000000,đen,Xe cũ,Xăng
Kia,Sportage Signature 1.6T AWD,2024,8000,máy xăng 1.6 L,5,1015000000,đỏ,Xe cũ,Xăng
BMW,5 Series 520i,2012,99999,máy xăng 2.0 L,5,630000000,đen,Xe cũ,Xăng
Honda,CRV 2.4 AT,2015,960000,máy xăng 2.4 L,5,525000000,xám,Xe cũ,Xăng
Scion,Xb 2.4 AT,2007,,máy xăng 2.4 L,5,555000000,trắng,Xe cũ,Xăng
Chevrolet,Trailblazer LTZ 2.5L VGT 4x4 AT,2019,55000,máy dầu 2.5 L,7,669000000,xám,Xe cũ,Dầu
Mercedes,Benz C class C200 Exclusive,2021,27000,máy xăng 2.0 L,5,1155000000,đen,Xe cũ,Xăng
Toyota,Camry 2.0G,2020,59000,máy xăng 2.0 L,5,795000000,đen,Xe cũ,Xăng
LandRover,Range Rover Autobiography LWB 3.0 I6 P360 AWD,2022,30000,máy xăng 3.0 L,5,11500000000,trắng,Xe cũ,Xăng
Kia,Morning EX,2013,,máy xăng 1.25 L,5,136000000,trắng,Xe cũ,Xăng
Audi,A5 Sportback 2.0,2017,70000,máy xăng 2.0 L,5,1080000000,đỏ,Xe cũ,Xăng
Lexus,RX 350,2007,110000,máy xăng 3.5 L,5,430000000,đen,Xe cũ,Xăng
Volkswagen,Routan SE 3.8 AT,2010,115000,máy xăng 3.8 L,7,250000000,đen,Xe cũ,Xăng
Mitsubishi,Pajero Sport 2.4D 4x2 AT,2021,90000,máy dầu 2.4 L,7,800000000,trắng,Xe cũ,Dầu
Mercedes,Benz E class E200 Exclusive,2022,28000,máy xăng 2.0 L,5,1598000000,đỏ,Xe cũ,Xăng
Toyota,Innova G,2007,190000,máy xăng 2.0 L,8,165000000,bạc,Xe cũ,Xăng
Hyundai,i30 CW 1.6 AT,2011,138968,máy xăng 1.6 L,5,275000000,ghi,Xe cũ,Xăng
Honda,CRV 2.4 AT - TG,2017,,máy xăng 2.4 L,5,595000000,nâu,Xe cũ,Xăng
LandRover,Range Rover HSE 3.0,2018,,máy xăng 3.0 L,5,4890000000,trắng,Xe cũ,Xăng
Mercedes,Benz GLC 300 4Matic Coupe,2022,30000,máy xăng 2.0 L,5,2499000000,đen,Xe cũ,Xăng
Toyota,Innova G,2010,120000,máy xăng 2.0 L,8,200000000,bạc,Xe cũ,Xăng
Mercedes,Benz GLC 300 4Matic,2024,50,máy xăng 2.0 L,5,2599000000,đen,Xe cũ,Xăng
Hyundai,i10 Grand 1.2 MT,2019,86140,máy xăng 1.25 L,5,270000000,trắng,Xe cũ,Xăng
Ford,Ranger Wildtrak 2.0L 4x2 AT,2019,96000,máy dầu 2.0 L,5,585000000,xám,Xe cũ,Dầu
Mercedes,Benz GLC 200 4Matic,2021,80000,máy xăng 2.0 L,5,1550000000,trắng,Xe cũ,Xăng
Hyundai,SantaFe Cao cấp 2.2L HTRAC,2021,,máy dầu 2.2 L,7,1099000000,xanh,Xe cũ,Dầu
Hyundai,SantaFe Cao cấp 2.4L HTRAC,2021,,máy xăng 2.4 L,7,830000000,trắng,Xe cũ,Xăng
Hyundai,SantaFe Cao cấp 2.5L HTRAC,2022,19000,máy xăng 2.5 L,7,1079000000,đen,Xe cũ,Xăng
Mazda,2 1.5 AT,2018,63000,máy xăng 1.5 L,5,380000000,trắng,Xe cũ,Xăng
LandRover,Range Rover Evoque Dynamic,2015,105000,máy xăng 2.0 L,5,750000000,đỏ,Xe cũ,Xăng
Lexus,LX 570 Super Sport,2018,70000,máy xăng 5.7 L,4,6550000000,đen,Xe cũ,Xăng
Volkswagen,Polo 1.6 AT,2018,39000,máy xăng 1.6 L,5,388000000,xám,Xe cũ,Xăng
Mercedes,Benz S class S450L Luxury,2019,43000,máy xăng 3.0 L,5,2639000000,xanh,Xe cũ,Xăng
Mazda,3 1.6 AT,2010,150000,máy xăng 1.6 L,5,258000000,trắng,Xe cũ,Xăng
Toyota,Land Cruiser 3.5 V6,2022,33000,máy xăng 3.4 L,7,4750000000,trắng,Xe cũ,Xăng
Toyota,Fortuner 2.7V 4x4 AT,2014,99266,máy xăng 2.7 L,7,430000000,xám,Xe cũ,Xăng
Hyundai,Elantra 2.0 AT,2021,65000,máy xăng 2.0 L,5,479000000,trắng,Xe cũ,Xăng
Hyundai,Veracruz 3.0 V6,2007,150000,máy dầu 3.0 L,7,355000000,vàng,Xe cũ,Dầu
Kia,Carens 1.5G IVT,2023,32000,máy xăng 1.5 L,7,589000000,trắng,Xe cũ,Xăng
Mitsubishi,Attrage 1.2 CVT,2022,63000,máy xăng 1.2 L,5,349000000,trắng,Xe cũ,Xăng
Mazda,3 1.5L Luxury,2023,26000,máy xăng 1.5 L,5,585000000,đỏ,Xe cũ,Xăng
Mercedes,Benz E class E300 AMG,2020,11000,máy xăng 2.0 L,5,1850000000,trắng,Xe cũ,Xăng
Mercedes,Benz C class C300 AMG,2019,45000,máy xăng 2.0 L,5,1045000000,đen,Xe cũ,Xăng
Lexus,RX 300,2021,2000,máy xăng 2.0 L,5,2888000000,trắng,Xe cũ,Xăng
Toyota,Corolla Cross 1.8V,2021,46000,máy xăng 1.8 L,5,735000000,đỏ,Xe cũ,Xăng
Mazda,3 2.0 AT,2017,52000,máy xăng 2.0 L,5,465000000,đen,Xe cũ,Xăng
Mercedes,Benz C class C200,2016,110000,máy xăng 2.0 L,5,625000000,trắng,Xe cũ,Xăng
Ford,Everest Titanium 2.0L 4x2 AT,2022,37000,máy dầu 2.0 L,7,1000000000,xanh,Xe cũ,Dầu
Suzuki,Swift GLX 1.2 AT,2018,54000,máy xăng 1.2 L,5,412000000,xanh,Xe cũ,Xăng
Honda,HRV L,2021,19000,máy xăng 1.8 L,5,642000000,trắng,Xe cũ,Xăng
Mercedes,Benz E class E200,2011,,máy xăng 1.8 L,5,295000000,đen,Xe cũ,Xăng
Mitsubishi,Xpander 1.5 AT,2019,62000,máy xăng 1.5 L,7,490000000,đen,Xe cũ,Xăng
Audi,A4 1.8 TFSI,2017,47000,máy xăng 1.8 L,5,795000000,trắng,Xe cũ,Xăng
Toyota,Prado VX 2.7L,2020,92000,máy xăng 2.7 L,7,2185000000,đen,Xe cũ,Xăng
Volkswagen,Polo 1.6 AT,2016,,máy xăng 1.6 L,5,299000000,vàng,Xe cũ,Xăng
Lexus,NX 300,2019,,máy xăng 2.0 L,5,1600000000,trắng,Xe cũ,Xăng
Ford,Everest Sport 2.0L 4x2 AT,2023,26000,máy dầu 2.0 L,7,1150000000,trắng,Xe cũ,Dầu
Lexus,RX 300,2020,,máy xăng 2.0 L,5,2790000000,đen,Xe cũ,Xăng
Honda,HRV G,2023,9000,máy xăng 1.5 L,5,668000000,trắng,Xe cũ,Xăng
Lexus,RX 350 AWD,2009,120000,máy xăng 3.5 L,5,695000000,đen,Xe cũ,Xăng
Hyundai,SantaFe 2.2L 4WD,2015,130000,máy dầu 2.2 L,7,563000000,trắng,Xe cũ,Dầu
Mitsubishi,Xpander 1.5 MT,2020,67000,máy xăng 1.5 L,7,396000000,trắng,Xe cũ,Xăng
Hyundai,i20 1.4 AT,2011,80000,máy xăng 1.4 L,5,235000000,đỏ,Xe cũ,Xăng
Toyota,Venza 2.7 AWD,2009,80888,máy xăng 2.7 L,5,415000000,trắng,Xe cũ,Xăng
Volkswagen,Virtus Luxury 1.0 AT,2022,23000,máy xăng 1.0 L,5,630000000,đỏ,Xe cũ,Xăng
Chevrolet,Captiva LT 2.4 MT,2008,,máy xăng 2.4 L,7,158000000,đen,Xe cũ,Xăng
Toyota,Innova 2.0E,2016,125000,máy xăng 2.0 L,8,336000000,bạc,Xe cũ,Xăng
Peugeot,2008 GT Line 1.2 AT,2021,9000,máy xăng 1.2 L,5,715000000,đỏ,Xe cũ,Xăng
Hyundai,SantaFe Cao cấp 2.2L HTRAC,2022,29000,máy dầu 2.2 L,7,1175000000,trắng,Xe cũ,Dầu
Suzuki,XL7 1.5 AT,2022,62000,máy xăng 1.5 L,7,495000000,trắng,Xe cũ,Xăng
LandRover,Range Rover Autobiography 5.0,2013,100000,máy xăng 5.0 L,4,2268000000,trắng,Xe cũ,Xăng
BMW,3 Series 330i M Sport,2024,2345,máy xăng 2.0 L,5,1888000000,đen,Xe cũ,Xăng
Toyota,Fortuner Legender 2.4L 4x2 AT,2022,46000,máy dầu 2.4 L,7,1030000000,đen,Xe cũ,Dầu
LandRover,Discovery Sport HSE Luxury,2015,79000,máy xăng 2.0 L,7,969000000,trắng,Xe cũ,Xăng
Peugeot,5008 Allure 1.6 AT,2020,60000,máy xăng 1.6 L,7,745000000,trắng,Xe cũ,Xăng
Ford,Everest 2.5L 4x2 AT,2014,11000,máy dầu 2.5 L,7,425000000,vàng,Xe cũ,Dầu
VinFast,VF6 Plus,2024,20000,,5,699000000,trắng,Xe cũ,
Mazda,CX3 Deluxe 1.5 AT,2021,47000,máy xăng 1.5 L,5,510000000,đỏ,Xe cũ,Xăng
Porsche,Panamera 3.0 V6,2021,29999,máy xăng 3.0 L,4,5199000000,vàng,Xe cũ,Xăng
Nissan,Navara EL 2.3 AT 2WD,2023,28000,máy dầu 2.3 L,5,589000000,đỏ,Xe cũ,Dầu
Nissan,Murano SL 3.5,2012,,máy xăng 3.5 L,5,465000000,bạc,Xe cũ,Xăng
Mazda,3 1.5 AT,2016,,máy xăng 1.5 L,5,400000000,đen,Xe cũ,Xăng
Mazda,BT50 2.2L 4x4 MT,2016,130000,máy dầu 2.2 L,5,369000000,xám,Xe cũ,Dầu
Mazda,3 1.5 AT,2016,,máy xăng 1.5 L,5,400000000,đen,Xe cũ,Xăng
Mazda,BT50 2.2L 4x4 MT,2016,130000,máy dầu 2.2 L,5,369000000,xám,Xe cũ,Dầu
Mercedes,Benz C class C200 Exclusive,2019,969,máy xăng 2.0 L,5,969000000,đen,Xe cũ,Xăng
Chevrolet,Trailblazer LTZ 2.5L VGT 4x4 AT,2018,,máy dầu 2.5 L,7,609000000,đen,Xe cũ,Dầu
Mercedes,Benz GLC 300 4Matic,2018,90000,máy xăng 2.0 L,5,1150000000,đen,Xe cũ,Xăng
Toyota,Rush 1.5S AT,2021,29000,máy xăng 1.5 L,7,519000000,đen,Xe cũ,Xăng
Toyota,Fortuner 2.4L 4x2 MT,2022,45000,máy dầu 2.4 L,7,899000000,trắng,Xe cũ,Dầu
Toyota,Veloz Cross Top 1.5 CVT,2023,11000,máy xăng 1.5 L,7,610000000,,Xe cũ,Xăng
Honda,CRV L,2022,40000,máy xăng 1.5 L,7,919000000,đỏ,Xe cũ,Xăng
Jaguar,I-Pace SE EV400 AWD,2021,8000,,5,2679000000,xanh,Xe cũ,
Honda,City 1.5 AT,2013,,máy xăng 1.5 L,5,285000000,nâu,Xe cũ,Xăng
Lexus,LX 570 Super Sport,2016,120000,máy xăng 5.7 L,7,4839000000,trắng,Xe cũ,Xăng
Ford,Ranger XLS 2.2L 4x2 AT,2021,51000,máy dầu 2.2 L,5,575000000,trắng,Xe cũ,Dầu
Porsche,Macan 2.0,2022,26000,máy xăng 2.0 L,5,3680000000,đen,Xe cũ,Xăng
Audi,A4 2.0 TFSI,2017,,máy xăng 2.0 L,5,690000000,đen,Xe cũ,Xăng
Mercedes,Benz G class G63 AMG,2020,60000,máy xăng 4.0 L,5,7900000000,xanh,Xe cũ,Xăng
Ford,Ranger Wildtrak 3.2L 4x4 AT,2016,140000,máy dầu 3.2 L,5,528000000,trắng,Xe cũ,Dầu
Honda,CRV 2.4 AT,2015,,máy xăng 2.4 L,5,555000000,trắng,Xe cũ,Xăng
Toyota,Land Cruiser VX 4.6 V8,2014,,máy xăng 4.6 L,8,1990000000,đen,Xe cũ,Xăng
VinFast,Lux A 2.0 Premium 2.0 AT,2019,65000,máy xăng 2.0 L,5,550000000,xám,Xe cũ,Xăng
Toyota,Vios 1.5G CVT,2021,60000,máy xăng 1.5 L,5,480000000,đen,Xe cũ,Xăng
Honda,CRV G,2021,36000,máy xăng 1.5 L,7,835000000,trắng,Xe cũ,Xăng
Mercedes,Benz GLC 200 4Matic,2021,59200,máy xăng 2.0 L,5,1539000000,trắng,Xe cũ,Xăng
Mercedes,Benz C class C250 Exclusive,2016,90000,máy xăng 2.0 L,5,679000000,trắng,Xe cũ,Xăng
Bentley,Flying Spur W12 S,2016,,máy xăng 6.0 L,5,6800000000,đen,Xe cũ,Xăng
Lexus,LS 460L AWD,2010,76000,máy xăng 4.6 L,5,898000000,cát,Xe cũ,Xăng
Mazda,CX5 Deluxe 2.0 AT,2022,50000,máy xăng 2.0 L,5,695000000,trắng,Xe cũ,Xăng
Hyundai,Creta Cao cấp 1.5 AT,2022,15000,máy xăng 1.5 L,5,630000000,xanh,Xe cũ,Xăng
VinFast,VF3 Plus,2024,200,,4,238000000,vàng,Xe cũ,
Hyundai,Tucson 1.6 AT Turbo,2019,56000,máy xăng 1.6 L,5,718000000,trắng,Xe cũ,Xăng
Toyota,Innova 2.0G,2019,87200,máy xăng 2.0 L,8,610000000,trắng,Xe cũ,Xăng
Mazda,CX8 Premium,2023,11000,máy xăng 2.5 L,7,988000000,đỏ,Xe cũ,Xăng
Mercedes,Benz GLC 300 4Matic,2022,42000,máy xăng 2.0 L,5,1930000000,đen,Xe cũ,Xăng
Mercedes,Benz GLC 200 4Matic,2021,59000,máy xăng 2.0 L,5,1450000000,đỏ,Xe cũ,Xăng
Kia,Sportage Signature 1.6T AWD,2022,,máy xăng 1.6 L,5,910000000,xanh,Xe cũ,Xăng
Toyota,Fortuner 2.7V 4x2 AT,2019,70000,máy xăng 2.7 L,7,790000000,trắng,Xe cũ,Xăng
VinFast,Lux A 2.0 Tiêu chuẩn,2022,30000,máy xăng 2.0 L,5,625000000,trắng,Xe cũ,Xăng
Toyota,Camry 2.0G,2019,80000,máy xăng 2.0 L,5,759000000,đen,Xe cũ,Xăng
Toyota,Fortuner 2.4G 4x2 AT,2020,,máy dầu 2.4 L,7,880000000,đen,Xe cũ,Dầu
Mitsubishi,Xpander 1.5 AT,2019,72698,máy xăng 1.5 L,7,450000000,bạc,Xe cũ,Xăng
Lexus,LX 570,2016,68000,máy xăng 5.7 L,7,4520000000,xanh,Xe cũ,Xăng
Hyundai,Elantra 1.6 AT,2021,70000,máy xăng 1.6 L,5,485000000,đỏ,Xe cũ,Xăng
Lexus,GS 350 F-Sport,2012,72000,máy xăng 3.5 L,5,799000000,đen,Xe cũ,Xăng
Mazda,CX8 Premium,2022,40000,máy xăng 2.5 L,7,889000000,đen,Xe cũ,Xăng
Toyota,Fortuner 2.4G 4x2 AT Legender,2021,50000,máy dầu 2.4 L,7,980000000,trắng,Xe cũ,Dầu
Toyota,Camry 2.5Q,2021,31000,máy xăng 2.5 L,5,979000000,trắng,Xe cũ,Xăng
Toyota,Corolla Cross 1.8V,2022,30000,máy xăng 1.8 L,5,768000000,trắng,Xe cũ,Xăng
Mercedes,Benz GLC 300 4Matic,2020,12000,máy xăng 2.0 L,5,1660000000,trắng,Xe cũ,Xăng
Ford,Explorer Limited 2.3L EcoBoost,2018,42000,máy xăng 2.3 L,7,1130000000,đen,Xe cũ,Xăng
Honda,HRV L,2019,,máy xăng 1.8 L,5,570000000,trắng,Xe cũ,Xăng
Ford,Transit Tiêu chuẩn,2023,42000,máy dầu 2.2 L,16,690000000,bạc,Xe cũ,Dầu
Ford,Ranger XLS 2.2L 4x2 AT,2018,81000,máy dầu 2.2 L,5,515000000,vàng,Xe cũ,Dầu
Kia,Cerato 2.0 AT Premium,2019,,máy xăng 2.0 L,5,495000000,vàng,Xe cũ,Xăng
Mercedes,Benz C class C300 AMG,2016,39000,máy xăng 2.0 L,5,768000000,đen,Xe cũ,Xăng
Honda,CRV 2.4 AT,2016,100000,máy xăng 2.4 L,5,565000000,đen,Xe cũ,Xăng
Toyota,Camry 2.0Q,2021,65000,máy xăng 2.0 L,5,965000000,đen,Xe cũ,Xăng
Mercedes,Benz GLC 300 4Matic Coupe,2022,,máy xăng 2.0 L,5,2390000000,đen,Xe cũ,Xăng
Lexus,RX 350,2019,43000,máy xăng 3.5 L,5,2850000000,đỏ,Xe cũ,Xăng
Porsche,Panamera 3.0 V6,2017,68000,máy xăng 3.0 L,4,3199000000,trắng,Xe cũ,Xăng
Ford,EcoSport Titanium 1.5L AT,2016,,máy xăng 1.5 L,5,345000000,đỏ,Xe cũ,Xăng
VinFast,Fadil Tiêu chuẩn 1.4 AT,2022,63000,máy xăng 1.4 L,5,330000000,trắng,Xe cũ,Xăng
Honda,City 1.5,2019,52000,máy xăng 1.5 L,5,425000000,trắng,Xe cũ,Xăng
Mercedes,Benz S class S450L,2017,82000,máy xăng 3.0 L,5,1920000000,trắng,Xe cũ,Xăng
Toyota,Vios G 1.5 CVT,2023,18000,máy xăng 1.5 L,5,505000000,trắng,Xe cũ,Xăng
Mercedes,Benz E class E200,2013,,máy xăng 2.0 L,5,495000000,đen,Xe cũ,Xăng
Mazda,CX8 Premium,2023,,máy xăng 2.5 L,7,975000000,trắng,Xe cũ,Xăng
Mercedes,Benz E class E200,2016,,máy xăng 2.0 L,5,870000000,đen,Xe cũ,Xăng
Ford,Explorer Limited 2.3L EcoBoost,2024,11000,máy xăng 2.3 L,7,1985000000,trắng,Xe cũ,Xăng
Peugeot,2008 GT Line 1.2 AT,2021,,máy xăng 1.2 L,5,630000000,trắng,Xe cũ,Xăng
LandRover,Range Rover Evoque HSE,2017,53000,máy xăng 2.0 L,5,1089000000,đỏ,Xe cũ,Xăng
Toyota,Innova E 2.0 MT,2021,43000,máy xăng 2.0 L,8,619000000,đồng,Xe cũ,Xăng
Toyota,Camry 2.5Q,2020,21000,máy xăng 2.5 L,5,960000000,đen,Xe cũ,Xăng
VinFast,VF e34 AT,2022,34000,,5,495000000,xanh,Xe cũ,
Toyota,Avanza Premio 1.5 MT,2024,21000,máy xăng 1.5 L,7,510000000,trắng,Xe cũ,Xăng
Ford,Fiesta S 1.6 AT,2012,80000,máy xăng 1.6 L,5,198000000,đỏ,Xe cũ,Xăng
Toyota,Fortuner 2.7V 4x2 AT,2018,42000,máy xăng 2.7 L,7,755000000,đen,Xe cũ,Xăng
Mercedes,Benz S class S450L,2017,60000,máy xăng 3.0 L,5,1939000000,trắng,Xe cũ,Xăng
Kia,Soluto 1.4 AT Deluxe,2024,36000,máy xăng 1.4 L,5,420000000,trắng,Xe cũ,Xăng
BMW,X3 sDrive20i,2022,46000,máy xăng 2.0 L,5,1650000000,trắng,Xe cũ,Xăng
Lexus,LX 570,2015,,máy xăng 5.7 L,7,4500000000,đen,Xe cũ,Xăng
Toyota,Veloz Cross Top 1.5 CVT,2022,30000,máy xăng 1.5 L,7,598000000,bạc,Xe cũ,Xăng
VinFast,Lux A 2.0 Tiêu chuẩn,2022,10000,máy xăng 2.0 L,5,615000000,xám,Xe cũ,Xăng
LandRover,Range Rover HSE 3.0,2014,2420,máy xăng 3.0 L,5,2420000000,đen,Xe cũ,Xăng
VinFast,Fadil 1.4 AT Plus,2021,25000,máy xăng 1.4 L,5,335000000,trắng,Xe cũ,Xăng
MG,HS 1.5T LUX,2023,35000,máy xăng 1.5 L,5,625000000,ghi,Xe cũ,Xăng
Mercedes,Benz GLS 450 4Matic,2023,5500,máy xăng 3.0 L,7,4799000000,đen,Xe cũ,Xăng
Kia,Sedona 2.2L DATH,2018,93000,máy dầu 2.2 L,7,699000000,trắng,Xe cũ,Dầu
Ford,Territory Titanium 1.5 AT,2023,19500,máy xăng 1.5 L,5,818000000,đỏ,Xe cũ,Xăng
Toyota,Veloz Cross Top 1.5 CVT,2024,38000,máy xăng 1.5 L,7,628000000,bạc,Xe cũ,Xăng
Mazda,CX5 Premium 2.0 AT,2022,56000,máy xăng 2.0 L,5,738000000,đỏ,Xe cũ,Xăng
Mitsubishi,Triton 4x2 AT Mivec,2020,39000,máy dầu 2.4 L,5,528000000,trắng,Xe cũ,Dầu
Ford,Territory Titanium 1.5 AT,2023,19500,máy xăng 1.5 L,5,818000000,đen,Xe cũ,Xăng
Mercedes,Benz C class C300 AMG,2019,40000,máy xăng 2.0 L,5,999000000,đỏ,Xe cũ,Xăng
Mercedes,Benz E class E300 AMG,2019,30000,máy xăng 2.0 L,5,1450000000,đen,Xe cũ,Xăng
VinFast,Lux A 2.0 Cao cấp,2022,10000,máy xăng 2.0 L,5,625000000,trắng,Xe cũ,Xăng
Hyundai,SantaFe Premium 2.4L HTRAC,2019,,máy xăng 2.4 L,7,795000000,đỏ,Xe cũ,Xăng
Ford,EcoSport Titanium 1.5L AT,2020,30000,máy xăng 1.5 L,5,455000000,cam,Xe cũ,Xăng
Mazda,CX8 Premium AWD,2023,17000,máy xăng 2.5 L,6,1050000000,trắng,Xe cũ,Xăng
Hyundai,Accent 1.4 AT Đặc Biệt,2022,9000,máy xăng 1.4 L,5,485000000,trắng,Xe cũ,Xăng
Toyota,Vios E 1.5 MT,2024,55900,máy xăng 1.5 L,5,410000000,đồng,Xe cũ,Xăng
Mercedes,Benz GLS 450 4Matic,2022,40000,máy xăng 3.0 L,7,4350000000,trắng,Xe cũ,Xăng
Mercedes,Benz GLC 200 4Matic,2022,60000,máy xăng 2.0 L,5,1650000000,trắng,Xe cũ,Xăng
Mercedes,Benz E class E300 AMG,2021,20000,máy xăng 2.0 L,5,1939000000,đen,Xe cũ,Xăng
Ford,Explorer Limited 2.3L EcoBoost,2017,68000,máy xăng 2.3 L,7,965000000,xám,Xe cũ,Xăng
Mercedes,Benz C class C200 Avantgarde,2022,40000,máy xăng 1.5 L,5,1255000000,đen,Xe cũ,Xăng
Toyota,Corolla Cross 1.8V,2022,33000,máy xăng 1.8 L,5,750000000,trắng,Xe cũ,Xăng
Mercedes,Benz V class V250 AMG,2021,36000,máy xăng 2.0 L,6,2299000000,trắng,Xe cũ,Xăng
Honda,City RS 1.5 AT,2022,58000,máy xăng 1.5 L,5,480000000,trắng,Xe cũ,Xăng
VinFast,Lux A 2.0 2.0 AT,2021,,máy xăng 2.0 L,5,575000000,đỏ,Xe cũ,Xăng
BMW,3 Series 320i Sport Line,2022,16000,máy xăng 2.0 L,5,1238000000,đen,Xe cũ,Xăng
Ford,Focus Trend 1.5L,2018,50000,máy xăng 1.5 L,5,350000000,đen,Xe cũ,Xăng
Mercedes,Benz GLC 300 4Matic,2017,70000,máy xăng 2.0 L,5,999000000,trắng,Xe cũ,Xăng
Mazda,2 1.5 AT,2015,30000,máy xăng 1.5 L,5,320000000,trắng,Xe cũ,Xăng
Toyota,Fortuner 2.4G 4x2 AT,2020,43000,máy dầu 2.4 L,7,865000000,cát,Xe cũ,Dầu
Mitsubishi,Xpander 1.5 MT,2020,47000,máy xăng 1.5 L,7,440000000,trắng,Xe cũ,Xăng
Mercedes,Benz S class S450L Luxury,2020,45000,máy xăng 3.0 L,5,2888000000,trắng,Xe cũ,Xăng
Toyota,Vios 1.5E CVT,2017,91000,máy xăng 1.5 L,5,320000000,cát,Xe cũ,Xăng
Hyundai,Kona 1.6 Turbo,2021,28000,máy xăng 1.6 L,5,555000000,đen,Xe cũ,Xăng
Toyota,Camry 2.5Q,2019,80000,máy xăng 2.5 L,5,848000000,trắng,Xe cũ,Xăng
Lexus,RX 350,2016,90000,máy xăng 3.5 L,5,2230000000,trắng,Xe cũ,Xăng
Ford,Explorer Limited 2.3L EcoBoost,2017,80000,máy xăng 2.3 L,7,899000000,trắng,Xe cũ,Xăng
Ford,Everest Trend 2.0L 4x2 AT,2018,100000,máy dầu 2.0 L,7,725000000,đen,Xe cũ,Dầu
BMW,5 Series 520i,2018,79000,máy xăng 1.6 L,5,1080000000,trắng,Xe cũ,Xăng
Kia,Carnival Premium 2.2D,2022,70000,máy dầu 2.2 L,7,1130000000,xanh,Xe cũ,Dầu
Toyota,Land Cruiser VX 4.6 V8,2016,,máy xăng 4.6 L,8,2790000000,đồng,Xe cũ,Xăng
Toyota,Vios E CVT,2023,17000,máy xăng 1.5 L,5,455000000,đen,Xe cũ,Xăng
Mercedes,Benz C class C300 AMG,2021,17000,máy xăng 2.0 L,5,1738000000,trắng,Xe cũ,Xăng
Hyundai,Accent 1.4 AT,2015,80000,máy xăng 1.4 L,5,325000000,đỏ,Xe cũ,Xăng
Mitsubishi,Xpander Premium 1.5 AT,2022,50000,máy xăng 1.5 L,7,568000000,đen,Xe cũ,Xăng
BMW,7 Series 740i Pure Excellence,2023,1135,máy xăng 3.0 L,5,5779000000,xám,Xe cũ,Xăng
Subaru,Forester 2.0i-L,2022,37000,máy xăng 2.0 L,5,777000000,xám,Xe cũ,Xăng
Kia,Optima 2.0 AT,2013,72000,máy xăng 2.0 L,5,430000000,trắng,Xe cũ,Xăng
Audi,A7 3.0 TFSI,2014,70000,máy xăng 3.0 L,5,950000000,đen,Xe cũ,Xăng
Hyundai,Tucson 2.0 AT Đặc biệt,2021,35000,máy xăng 2.0 L,5,745000000,đen,Xe cũ,Xăng
Ford,Everest Titanium 2.0L 4x4 AT,2019,88000,máy dầu 2.0 L,7,865000000,đen,Xe cũ,Dầu
BMW,3 Series 320i,2016,75000,máy xăng 2.0 L,5,579000000,trắng,Xe cũ,Xăng
Toyota,Camry 2.4G,2012,110000,máy xăng 2.4 L,5,398000000,đen,Xe cũ,Xăng
Toyota,Vios G 1.5 CVT,2021,10000,máy xăng 1.5 L,5,485000000,đỏ,Xe cũ,Xăng
Ford,Ranger XLT 2.0L 4x4 AT,2022,30000,máy dầu 2.0 L,5,745000000,xám,Xe cũ,Dầu
Toyota,Yaris Cross 1.5 D-CVT,2023,7000,máy xăng 1.5 L,5,605000000,trắng,Xe cũ,Xăng
Ford,Ranger Wildtrak 2.0L 4x4 AT,2020,72000,máy dầu 2.0 L,5,680000000,đen,Xe cũ,Dầu
Mazda,3 1.5L Luxury,2022,31000,máy xăng 1.5 L,5,569000000,đỏ,Xe cũ,Xăng
Ford,Focus Trend 1.6 AT,2013,90000,máy xăng 1.6 L,5,265000000,trắng,Xe cũ,Xăng
Ford,Ranger XLT 2.0L 4x4 AT,2022,40000,máy dầu 2.0 L,5,740000000,xám,Xe cũ,Dầu
VinFast,Lux A 2.0 2.0 AT,2021,69000,máy xăng 2.0 L,5,545000000,xám,Xe cũ,Xăng
Kia,Sedona 2.2 DAT Luxury,2019,11000,máy dầu 2.2 L,7,799000000,trắng,Xe cũ,Dầu
Honda,Civic RS 1.5 AT,2022,76000,máy xăng 1.5 L,5,729000000,đỏ,Xe cũ,Xăng
Ford,Everest Titanium Plus 2.0L 4x4 AT,2024,,máy dầu 2.0 L,7,1489000000,trắng,Xe cũ,Dầu
Mazda,CX5 2.0 AT,2014,120000,máy xăng 2.0 L,5,435000000,cát,Xe cũ,Xăng
Toyota,Corolla altis 1.8G AT,2014,78000,máy xăng 1.8 L,5,450000000,đen,Xe cũ,Xăng
Toyota,Hilux 2.8G 4x4 AT,2016,11000,máy dầu 2.8 L,5,599000000,đen,Xe cũ,Dầu
Mercedes,Benz GLS 450 4Matic,2022,40000,máy xăng 3.0 L,7,4179000000,đỏ,Xe cũ,Xăng
Mercedes,Benz C class C200,2018,,máy xăng 2.0 L,5,799000000,trắng,Xe cũ,Xăng
Nissan,Terra E 2.5 AT 2WD,2019,,máy xăng 2.5 L,7,645000000,đen,Xe cũ,Xăng
Mercedes,Benz GLC 200 4Matic,2020,62000,máy xăng 2.0 L,5,1380000000,đỏ,Xe cũ,Xăng
Lexus,RX 350,2016,90000,máy xăng 3.5 L,5,2199000000,trắng,Xe cũ,Xăng
Mercedes,Benz GLC 300 4Matic,2018,63000,máy xăng 2.0 L,5,1150000000,trắng,Xe cũ,Xăng
Mercedes,Benz GLC 300 4Matic,2018,62000,máy xăng 2.0 L,5,1139000000,trắng,Xe cũ,Xăng
Porsche,Macan 2.0,2019,65000,máy xăng 2.0 L,5,2399000000,xanh,Xe cũ,Xăng
Mercedes,Benz GLC 200,2019,88000,máy xăng 2.0 L,5,1099000000,đen,Xe cũ,Xăng
Mercedes,Benz S class S450L Luxury,2020,56000,máy xăng 3.0 L,5,2789000000,đen,Xe cũ,Xăng
Lexus,RX 350,2016,93000,máy xăng 3.5 L,5,2199000000,trắng,Xe cũ,Xăng
LandRover,Range Rover Autobiography LWB 3.0 I6 P360 AWD,2022,32000,máy xăng 3.0 L,5,11600000000,trắng,Xe cũ,Xăng
Audi,Q5 2.0 AT,2017,89000,máy xăng 2.0 L,5,1089000000,đen,Xe cũ,Xăng
Mitsubishi,Xpander Premium 1.5 AT,2024,10000,máy xăng 1.5 L,7,600000000,đỏ,Xe cũ,Xăng
Mercedes,Benz S class S450L Luxury,2020,40000,máy xăng 3.0 L,5,2839000000,trắng,Xe cũ,Xăng
Mercedes,Benz C class C200,2018,93000,máy xăng 2.0 L,5,779000000,đen,Xe cũ,Xăng
Mercedes,Benz Maybach S450 4Matic,2020,52000,máy xăng 3.0 L,5,4500000000,trắng,Xe cũ,Xăng
Audi,Q5 2.0 AT,2017,69000,máy xăng 2.0 L,5,1099000000,đỏ,Xe cũ,Xăng
Mercedes,Benz E class E200 Sport,2019,65000,máy xăng 2.0 L,5,1279000000,đỏ,Xe cũ,Xăng
Mercedes,Benz S class S450 4Matic Luxury,2022,35000,máy xăng 3.0 L,5,3950000000,đen,Xe cũ,Xăng
Porsche,Cayenne Coupe,2020,92800,máy xăng 3.0 L,5,3989000000,trắng,Xe cũ,Xăng
Mercedes,Benz E class E200,2016,110000,máy xăng 2.0 L,5,789000000,đen,Xe cũ,Xăng
LandRover,Range Rover SV Autobiography LWB 5.0,2016,70000,máy xăng 5.0 L,4,5299000000,trắng,Xe cũ,Xăng
Mazda,3 1.5L Luxury,2024,15000,máy xăng 1.5 L,5,629000000,đỏ,Xe cũ,Xăng
Mitsubishi,Pajero Sport 2.4D 4x4 AT,2023,33000,máy dầu 2.4 L,7,1130000000,trắng,Xe cũ,Dầu
Mazda,BT50 2.2L 4x2 ATH,2018,82436,máy dầu 2.2 L,5,450000000,trắng,Xe cũ,Dầu
Mercedes,Benz GLS 450 4Matic,2021,48000,máy xăng 3.0 L,7,3890000000,trắng,Xe cũ,Xăng
Mercedes,Benz GLS 450 4Matic,2022,45000,máy xăng 3.0 L,7,4029000000,trắng,Xe cũ,Xăng
Mercedes,Benz E class E300 AMG,2017,80000,máy xăng 2.0 L,5,1180000000,trắng,Xe cũ,Xăng
Hyundai,HD 78,2015,,máy dầu 3.9 L,3,380000000,xanh,Xe cũ,Dầu
Mercedes,Benz C class C43 AMG 4Matic,2023,1234,máy xăng 2.0 L,5,2358000000,trắng,Xe cũ,Xăng
LandRover,Range Rover HSE LWB 5.0,2013,,máy xăng 5.0 L,5,1890000000,đen,Xe cũ,Xăng
Porsche,Macan 2.0,2022,10000,máy xăng 2.0 L,5,3679000000,trắng,Xe cũ,Xăng
Kia,K3 Premium 2.0 AT,2022,48000,máy xăng 2.0 L,5,565000000,đỏ,Xe cũ,Xăng
Mercedes,Benz CLA class CLA 45 AMG 4Matic,2015,42000,máy xăng 2.0 L,5,619000000,vàng,Xe cũ,Xăng
BMW,5 Series 528i GT,2013,110000,máy xăng 2.0 L,5,685000000,xám,Xe cũ,Xăng
Toyota,Camry 2.5Q,2020,54500,máy xăng 2.5 L,5,920000000,đen,Xe cũ,Xăng
Toyota,Corolla altis 1.8G AT,2017,93000,máy xăng 1.8 L,5,500000000,nâu,Xe cũ,Xăng
Hyundai,SantaFe Cao cấp 2.2L HTRAC,2022,70000,máy dầu 2.2 L,7,1155000000,trắng,Xe cũ,Dầu
Mercedes,Benz C class C200,2018,45000,máy xăng 2.0 L,5,810000000,trắng,Xe cũ,Xăng
Toyota,Fortuner Legender 2.4L 4x2 AT,2022,68000,máy dầu 2.4 L,7,1050000000,đen,Xe cũ,Dầu
Hyundai,Tucson 2.0 ATH,2020,63000,máy xăng 2.0 L,5,695000000,đen,Xe cũ,Xăng
Hyundai,Elantra 1.6 MT,2017,70000,máy xăng 1.6 L,5,319000000,trắng,Xe cũ,Xăng
BMW,2 Series 218i Gran Tourer,2016,90000,máy xăng 1.5 L,7,545000000,trắng,Xe cũ,Xăng
Lexus,LS 600hL,2008,100000,,5,990000000,bạc,Xe cũ,
Hyundai,Tucson 2.0 AT Tiêu chuẩn,2024,3000,máy xăng 2.0 L,5,765000000,trắng,Xe cũ,Xăng
Audi,S8 4.0 TFSI Quattro,2020,12000,máy xăng 4.0 L,5,4900000000,trắng,Xe cũ,Xăng
Ford,Ranger XLS 2.2L 4x2 AT,2021,23000,máy dầu 2.2 L,5,585000000,đen,Xe cũ,Dầu
Ford,EcoSport Titanium 1.5L AT,2019,63000,máy xăng 1.5 L,5,465000000,xanh,Xe cũ,Xăng
Mitsubishi,Triton GLX 4x2 MT,2014,174000,máy dầu 2.5 L,5,275000000,xám,Xe cũ,Dầu
Toyota,Corolla altis 1.8G AT,2011,160000,máy xăng 1.8 L,5,339000000,đen,Xe cũ,Xăng
Toyota,Vios 1.5G,2013,130000,máy xăng 1.5 L,5,298000000,đen,Xe cũ,Xăng
Mercedes,Benz E class E250,2011,125000,máy xăng 1.8 L,5,338000000,đen,Xe cũ,Xăng
Lexus,RX 350,2009,78000,máy xăng 3.5 L,5,760000000,đen,Xe cũ,Xăng
Mazda,CX5 2.5 AT 2WD,2018,70000,máy xăng 2.5 L,5,620000000,đen,Xe cũ,Xăng
BMW,X1 sDrive18i,2021,34000,máy xăng 1.5 L,5,1290000000,nâu,Xe cũ,Xăng
VinFast,Fadil Tiêu chuẩn 1.4 AT,2022,62000,máy xăng 1.4 L,5,325000000,trắng,Xe cũ,Xăng
Hyundai,Accent 1.4 ATH,2020,70000,máy xăng 1.4 L,5,425000000,trắng,Xe cũ,Xăng
Toyota,Fortuner 2.4L 4x2 MT,2022,80000,máy dầu 2.4 L,7,880000000,trắng,Xe cũ,Dầu
Kia,Sedona Platinum D,2018,84000,máy dầu 2.2 L,7,740000000,xanh,Xe cũ,Dầu
Toyota,Yaris G 1.5 AT,2021,,máy xăng 1.5 L,5,580000000,trắng,Xe cũ,Xăng
Dongben,DB X30 V2S,2017,35000,máy xăng 1.5 L,2,120000000,bạc,Xe cũ,Xăng
Toyota,Fortuner 2.7V 4x4 AT,2016,74286,máy xăng 2.7 L,7,510000000,bạc,Xe cũ,Xăng
Toyota,Corolla altis 1.8G AT,2021,32000,máy xăng 1.8 L,5,630000000,trắng,Xe cũ,Xăng
Kia,K3 Premium 1.6 AT,2022,42000,máy xăng 1.6 L,5,560000000,đỏ,Xe cũ,Xăng
Ford,EcoSport Titanium 1.5L AT,2015,27000,máy xăng 1.5 L,5,355000000,bạc,Xe cũ,Xăng
Mitsubishi,Triton 4x4 MT,2015,,máy dầu 2.5 L,5,365000000,xanh,Xe cũ,Dầu
Toyota,Corolla Cross 1.8HV,2021,66000,,5,785000000,đỏ,Xe cũ,
Mercedes,Benz GLC 200 4Matic,2023,23000,máy xăng 2.0 L,5,1975000000,trắng,Xe cũ,Xăng
Mitsubishi,Triton 4x4 MT,2015,,máy dầu 2.5 L,5,365000000,xanh,Xe cũ,Dầu
Toyota,Corolla Cross 1.8HV,2021,66000,,5,785000000,đỏ,Xe cũ,
Mercedes,Benz GLC 200 4Matic,2023,23000,máy xăng 2.0 L,5,1975000000,trắng,Xe cũ,Xăng
Mazda,CX8 Luxury,2021,60000,máy xăng 2.5 L,7,815000000,xanh,Xe cũ,Xăng
Kia,Morning Luxury,2019,30000,máy xăng 1.25 L,5,318000000,đỏ,Xe cũ,Xăng
Honda,Civic 2.0 AT,2014,120000,máy xăng 2.0 L,5,410000000,bạc,Xe cũ,Xăng
Mitsubishi,Pajero Sport 3.0G 4x2 AT,2017,99000,máy xăng 3.0 L,7,599000000,trắng,Xe cũ,Xăng
Mercedes,Benz GLC 300 4Matic,2024,1330,máy xăng 2.0 L,5,2650000000,đen,Xe cũ,Xăng
Hyundai,SantaFe 2.2L 4WD,2016,88000,máy dầu 2.2 L,7,677000000,nâu,Xe cũ,Dầu
Mercedes,Benz C class C200,2018,52000,máy xăng 2.0 L,5,830000000,trắng,Xe cũ,Xăng
Kia,Sportage Signature X-Line 2.0D,2023,20000,máy dầu 2.0 L,5,945000000,trắng,Xe cũ,Dầu
Kia,Seltos Premium 1.4 AT,2020,58000,máy xăng 1.4 L,5,570000000,cam,Xe cũ,Xăng
Mercedes,Benz C class C300 AMG,2022,9000,máy xăng 2.0 L,5,1679000000,xám,Xe cũ,Xăng
Toyota,Veloz Cross Top 1.5 CVT,2022,63000,máy xăng 1.5 L,7,565000000,bạc,Xe cũ,Xăng
Mercedes,Benz Maybach S450 4Matic,2020,52000,máy xăng 3.0 L,5,4480000000,trắng,Xe cũ,Xăng
Kia,Cerato 1.6 AT Luxury,2019,83000,máy xăng 1.6 L,5,485000000,đỏ,Xe cũ,Xăng
Hyundai,Accent 1.4 ATH,2018,39000,máy xăng 1.4 L,5,395000000,trắng,Xe cũ,Xăng
Ford,Everest Titanium 2.0L 4x2 AT,2024,30000,máy dầu 2.0 L,7,1325000000,trắng,Xe cũ,Dầu
Ford,Explorer Limited 2.3L EcoBoost,2022,29000,máy xăng 2.3 L,7,1780000000,xanh,Xe cũ,Xăng
Toyota,Vios G 1.5 CVT,2023,11000,máy xăng 1.5 L,5,520000000,cát,Xe cũ,Xăng
Mercedes,Benz Maybach S450 4Matic,2020,52000,máy xăng 3.0 L,5,4480000000,trắng,Xe cũ,Xăng
Kia,Cerato 1.6 AT Luxury,2019,83000,máy xăng 1.6 L,5,485000000,đỏ,Xe cũ,Xăng
Hyundai,Accent 1.4 ATH,2018,39000,máy xăng 1.4 L,5,395000000,trắng,Xe cũ,Xăng
Ford,Everest Titanium 2.0L 4x2 AT,2024,30000,máy dầu 2.0 L,7,1325000000,trắng,Xe cũ,Dầu
Ford,Explorer Limited 2.3L EcoBoost,2022,29000,máy xăng 2.3 L,7,1780000000,xanh,Xe cũ,Xăng
Toyota,Vios G 1.5 CVT,2023,11000,máy xăng 1.5 L,5,520000000,cát,Xe cũ,Xăng
Mercedes,Benz GLE Class GLE 400 4Matic Coupe,2016,80000,máy xăng 3.0 L,5,1499000000,trắng,Xe cũ,Xăng
VinFast,Lux A 2.0 Premium 2.0 AT,2019,70000,máy xăng 2.0 L,5,585000000,đen,Xe cũ,Xăng
Nissan,Almera VL 1.0 CVT Cao cấp,2021,120000,máy xăng 1.0 L,5,420000000,trắng,Xe cũ,Xăng
Ford,Everest Titanium 2.0L 4x2 AT,2022,25000,máy dầu 2.0 L,7,1170000000,đỏ,Xe cũ,Dầu
Kia,Soul 2.0 AT,2014,120000,máy xăng 2.0 L,5,415000000,đen,Xe cũ,Xăng
Ford,Ranger Raptor 2.0L 4x4 AT,2023,44000,máy dầu 2.0 L,5,1115000000,trắng,Xe cũ,Dầu
Kia,Cerato 2.0 AT Premium,2019,63000,máy xăng 2.0 L,5,495000000,đỏ,Xe cũ,Xăng
Toyota,Innova 2.0E,2018,95000,máy xăng 2.0 L,8,400000000,trắng,Xe cũ,Xăng
Hyundai,Creta Đặc biệt 1.5 AT,2022,27000,máy xăng 1.5 L,5,595000000,trắng,Xe cũ,Xăng
VinFast,Fadil 1.4 AT,2021,30000,máy xăng 1.4 L,5,325000000,trắng,Xe cũ,Xăng
Mitsubishi,Xpander Cross 1.5 AT,2020,60000,máy xăng 1.5 L,7,505000000,cam,Xe cũ,Xăng
Toyota,Fortuner 2.7V 4x4 AT,2009,160000,máy xăng 2.7 L,7,345000000,bạc,Xe cũ,Xăng
Mazda,CX5 Signature Premium 2.5 AT AWD I-Activ,2022,48000,máy xăng 2.5 L,5,795000000,trắng,Xe cũ,Xăng
Kia,Seltos Luxury 1.4 AT,2020,58000,máy xăng 1.4 L,5,565000000,đỏ,Xe cũ,Xăng
Kia,Seltos Luxury 1.4 AT,2020,58000,máy xăng 1.4 L,5,565000000,đỏ,Xe cũ,Xăng
Mercedes,Benz E class E200 Exclusive,2021,45000,máy xăng 2.0 L,5,1599000000,đỏ,Xe cũ,Xăng
Peugeot,3008 GT,2024,1033,máy xăng 1.6 L,5,1010000000,đỏ,Xe cũ,Xăng
Mercedes,Benz C class C300 AMG,2022,11000,máy xăng 2.0 L,5,1738000000,trắng,Xe cũ,Xăng
Mercedes,Benz GLE Class GLE 450 4Matic,2019,90000,máy xăng 3.0 L,7,2850000000,trắng,Xe cũ,Xăng
Mercedes,Benz E class E200,2019,,máy xăng 2.0 L,5,1130000000,trắng,Xe cũ,Xăng
Mercedes,Benz G class G63 AMG,2015,50000,máy xăng 5.5 L,5,5450000000,xám,Xe cũ,Xăng
Toyota,Vios G 1.5 CVT,2023,29000,máy xăng 1.5 L,5,515000000,trắng,Xe cũ,Xăng
VinFast,Lux A 2.0 Plus 2.0 AT,2021,44000,máy xăng 2.0 L,5,620000000,đen,Xe cũ,Xăng
Toyota,Fortuner 2.7V 4x2 AT,2019,46000,máy xăng 2.7 L,7,795000000,đen,Xe cũ,Xăng
Toyota,Corolla altis 1.8G,2022,40000,máy xăng 1.8 L,5,659000000,đen,Xe cũ,Xăng
Lexus,RX 350 Luxury,2024,3900,máy xăng 2.4 L,5,4450000000,xám,Xe cũ,Xăng
Mercedes,Benz GLC 200 4Matic,2021,53000,máy xăng 2.0 L,5,1495000000,đen,Xe cũ,Xăng
BMW,3 Series 320i,2015,79000,máy xăng 2.0 L,5,559000000,trắng,Xe cũ,Xăng
Mercedes,Benz C class C300 AMG,2016,900000,máy xăng 2.0 L,5,715000000,trắng,Xe cũ,Xăng
Volvo,XC90 T6 2.0 AT,2015,,máy xăng 2.0 L,7,1450000000,đen,Xe cũ,Xăng
Hyundai,Sonata 2.0 AT,2016,80000,máy xăng 2.0 L,5,470000000,trắng,Xe cũ,Xăng
Mazda,3 1.5L Luxury,2023,13000,máy xăng 1.5 L,5,615000000,trắng,Xe cũ,Xăng
Toyota,Corolla altis 2.0V,2010,120000,máy xăng 2.0 L,5,310000000,vàng,Xe cũ,Xăng
Toyota,Innova E 2.0 MT,2023,5800,máy xăng 2.0 L,8,703000000,trắng,Xe cũ,Xăng
Toyota,Corolla altis 2.0V,2010,120000,máy xăng 2.0 L,5,310000000,vàng,Xe cũ,Xăng
Toyota,Innova E 2.0 MT,2023,5800,máy xăng 2.0 L,8,703000000,trắng,Xe cũ,Xăng
Kia,Morning Luxury,2020,83000,máy xăng 1.25 L,5,319000000,trắng,Xe cũ,Xăng
Ford,Everest Titanium 2.0L 4x2 AT,2022,50000,máy dầu 2.0 L,7,970000000,đen,Xe cũ,Dầu
Mercedes,Benz S class S450 Luxury,2021,35000,máy xăng 3.0 L,5,3950000000,đen,Xe cũ,Xăng
Toyota,Vios E 1.5 MT,2024,56000,máy xăng 1.5 L,5,410000000,đồng,Xe cũ,Xăng
Audi,Q5 2.0 AT,2017,75000,máy xăng 2.0 L,5,1089000000,đỏ,Xe cũ,Xăng
Kia,Sedona 2.2 DAT Luxury,2021,64000,máy dầu 2.2 L,7,889000000,trắng,Xe cũ,Dầu
Mercedes,Benz S class S450L Luxury,2020,40000,máy xăng 3.0 L,5,2845000000,trắng,Xe cũ,Xăng
Audi,Q5 2.0 AT,2017,89000,máy xăng 2.0 L,5,1099000000,đen,Xe cũ,Xăng
Mercedes,Benz S class S450 Luxury,2021,35000,máy xăng 3.0 L,5,4050000000,đen,Xe cũ,Xăng
Toyota,Land Cruiser 3.5 V6,2021,50000,máy xăng 3.4 L,7,4550000000,trắng,Xe cũ,Xăng
Mercedes,Benz E class E300 AMG,2021,43000,máy xăng 2.0 L,5,1899000000,đen,Xe cũ,Xăng
Mercedes,Benz GLC 300 4Matic,2016,100000,máy xăng 2.0 L,5,879000000,trắng,Xe cũ,Xăng
Ford,Everest Titanium 2.0L 4x4 AT,2020,65000,máy dầu 2.0 L,7,968000000,đỏ,Xe cũ,Dầu
Mercedes,Benz C class C300 AMG,2019,72000,máy xăng 2.0 L,5,1139000000,trắng,Xe cũ,Xăng
Ford,Ranger Wildtrak 2.0L 4x4 AT,2020,90000,máy dầu 2.0 L,5,679000000,đen,Xe cũ,Dầu
Toyota,Innova 2.0E,2016,130000,máy xăng 2.0 L,8,375000000,bạc,Xe cũ,Xăng
Hyundai,SantaFe Cao cấp 2.5L HTRAC,2023,12000,máy xăng 2.5 L,7,1135000000,đen,Xe cũ,Xăng
Porsche,Cayenne 3.0 V6,2018,69000,máy xăng 3.0 L,5,3389000000,xám,Xe cũ,Xăng
Ford,Ranger Limited 2.0L 4x4 AT,2022,46000,máy dầu 2.0 L,5,698000000,đen,Xe cũ,Dầu
Hyundai,SantaFe 2.7L 4WD,2006,,máy xăng 2.7 L,7,196000000,đen,Xe cũ,Xăng
Mercedes,Benz GLC 200,2021,52000,máy xăng 2.0 L,5,1289000000,xám,Xe cũ,Xăng
Ford,Everest Titanium Plus 2.0L 4x4 AT,2022,50000,máy dầu 2.0 L,7,1335000000,cam,Xe cũ,Dầu
Mitsubishi,Outlander 3.0 AT,2008,130000,máy xăng 3.0 L,7,250000000,ghi,Xe cũ,Xăng
Audi,Q7 3.0 AT,2011,86860,máy xăng 3.0 L,7,495000000,xám,Xe cũ,Xăng
Lexus,LM 300h Royal Lounge,2020,,,4,4950000000,trắng,Xe cũ,
Toyota,Fortuner 2.7V 4x2 AT,2017,110000,máy xăng 2.7 L,7,675000000,nâu,Xe cũ,Xăng
Honda,CRV L,2020,,máy xăng 1.5 L,7,780000000,trắng,Xe cũ,Xăng
Jeep,Wrangler,1990,,"máy xăng , số tay, 4 chỗ ...   Salon Auto Sơn Hoa bán xe Jeep Wrangler sản xuất 1990, hàng cực độc ở Việt Nam, số lượng đếm trên đầu ngón tay.
Jeep Wrangler được sản xuất theo yêu cầu của quân đội ... L",4,550000000,trắng,Xe cũ,Xăng
BMW,3 Series 330i M Sport,2024,3900,máy xăng 2.0 L,5,1888000000,đen,Xe cũ,Xăng
Mercedes,Benz EQS 500 4Matic,2023,11666,,5,3999000000,trắng,Xe cũ,
Toyota,Camry 2.5Q,2021,11000,máy xăng 2.5 L,5,915000000,đen,Xe cũ,Xăng
Mazda,3 1.5L Luxury,2023,13000,máy xăng 1.5 L,5,615000000,trắng,Xe cũ,Xăng
Lexus,RX 350,2022,16166,máy xăng 3.5 L,5,3886000000,đen,Xe cũ,Xăng
Toyota,Veloz Cross 1.5 CVT,2022,50000,máy xăng 1.5 L,7,568000000,bạc,Xe cũ,Xăng
Hyundai,Elantra 2.0 AT,2019,80000,máy xăng 2.0 L,5,425000000,trắng,Xe cũ,Xăng
Mercedes,Benz GLC 250 4Matic,2017,80000,máy xăng 2.0 L,5,925000000,trắng,Xe cũ,Xăng
Toyota,Vios 1.5E MT,2020,68000,máy xăng 1.5 L,5,345000000,trắng,Xe cũ,Xăng
Kia,Seltos Premium 1.4 AT,2020,61000,máy xăng 1.4 L,5,540000000,trắng,Xe cũ,Xăng
Lexus,ES 250,2016,66000,máy xăng 2.5 L,5,1075000000,trắng,Xe cũ,Xăng
Toyota,Prado VX 2.7L,2019,70,máy xăng 2.7 L,7,1900000000,trắng,Xe cũ,Xăng
Toyota,Fortuner 2.7V 4X2 AT,2016,110000,máy xăng 2.7 L,7,495000000,ghi,Xe cũ,Xăng
Suzuki,Vitara 1.6 AT,2016,75000,máy xăng 1.6 L,5,395000000,xanh,Xe cũ,Xăng
Kia,Seltos Luxury 1.4 AT,2020,70000,máy xăng 1.4 L,5,565000000,trắng,Xe cũ,Xăng
Toyota,Veloz Cross Top 1.5 CVT,2022,83000,máy xăng 1.5 L,7,575000000,trắng,Xe cũ,Xăng
Kia,Sedona 2.2L DATH,2016,130000,máy dầu 2.2 L,7,635000000,nâu,Xe cũ,Dầu
Mercedes,Benz Maybach S600,2015,37000,máy xăng 6.0 L,4,3650000000,đen,Xe cũ,Xăng
Hyundai,Starex Van 2.5 MT,2004,356876,máy dầu 2.5 L,6,72000000,bạc,Xe cũ,Dầu
Kia,Seltos Premium 1.6 AT,2021,20000,máy xăng 1.6 L,5,615000000,xanh,Xe cũ,Xăng
Toyota,Fortuner 2.8V 4x4 AT,2020,,máy dầu 2.8 L,7,935000000,trắng,Xe cũ,Dầu
Kia,Cerato 2.0 AT Premium,2021,45000,máy xăng 2.0 L,5,499000000,đỏ,Xe cũ,Xăng
Bentley,Flying Spur Speed,2010,8,máy xăng 6.0 L,5,1380000000,trắng,Xe cũ,Xăng
Nissan,Navara EL 2.5 AT 2WD,2018,55000,máy dầu 2.5 L,5,446000000,bạc,Xe cũ,Dầu
Mercedes,Benz GLC 200,2020,40000,máy xăng 2.0 L,5,1250000000,xám,Xe cũ,Xăng
Hyundai,Kona 1.6 Turbo,2021,8000,máy xăng 1.6 L,5,565000000,trắng,Xe cũ,Xăng
Mitsubishi,Xforce Premium,2024,7000,máy xăng 1.5 L,5,675000000,,Xe cũ,Xăng
Toyota,Innova 2.0E,2013,100000,máy xăng 2.0 L,8,235000000,cát,Xe cũ,Xăng
Mercedes,Benz E class E300 AMG,2020,69000,máy xăng 2.0 L,5,1589000000,trắng,Xe cũ,Xăng
Ford,Everest Titanium 2.0L 4x4 AT,2021,46000,máy dầu 2.0 L,7,985000000,cát,Xe cũ,Dầu
Mercedes,Benz C class C250 Exclusive,2015,89000,máy xăng 2.0 L,5,595000000,đen,Xe cũ,Xăng
Ford,Ranger XLS 2.2L 4x2 AT,2021,51000,máy dầu 2.2 L,5,570000000,đen,Xe cũ,Dầu
BMW,3 Series 320i,2018,60000,máy xăng 2.0 L,5,789000000,trắng,Xe cũ,Xăng
BMW,7 Series 730Li,2021,46000,máy xăng 2.0 L,5,2680000000,đen,Xe cũ,Xăng
Peugeot,2008 Active 1.2 AT,2021,61000,máy xăng 1.2 L,5,570000000,đồng,Xe cũ,Xăng
Mazda,3 1.5 Sport,2024,6888,"máy xăng , số tự động, 5 chỗ , đã đi 6,888 km ...   Bán Mazda 3 phiên bản 1.5 sport luxury, xe chính chủ từ đầu đi giữ gìn cẩn thận, chất xe đẹp khỏi bàn, độ đầm chắc hơn xe sedan nhiều...
Đăng ký: 08/2024
Xuất xứ: Việt ... L",5,635000000,xanh,Xe cũ,Xăng
Ford,Ranger Wildtrak 2.0L 4x4 AT,2020,90000,máy dầu 2.0 L,5,685000000,đen,Xe cũ,Dầu
VinFast,VF5 S,2024,8000,,5,510000000,xám,Xe cũ,
Lexus,RX 300,2022,80000,máy xăng 2.0 L,5,3080000000,cát,Xe cũ,Xăng
Toyota,Corolla Cross 1.8V,2022,30000,máy xăng 1.8 L,5,765000000,xám,Xe cũ,Xăng
Mitsubishi,Xpander Premium 1.5 AT,2024,52118,máy xăng 1.5 L,7,605000000,bạc,Xe cũ,Xăng
Toyota,Fortuner 2.7V 4x2 AT,2019,85000,máy xăng 2.7 L,7,780000000,bạc,Xe cũ,Xăng
Toyota,Innova 2.0E,2016,11000,máy xăng 2.0 L,8,395000000,xám,Xe cũ,Xăng
Ford,EcoSport Titanium 1.5L AT,2018,90000,máy xăng 1.5 L,5,375000000,trắng,Xe cũ,Xăng
Mitsubishi,Pajero 3.0,2008,160000,máy xăng 3.0 L,5,165000000,xanh,Xe cũ,Xăng
Suzuki,Super Carry Van Blind Van,2022,2500,máy xăng 1.0 L,2,265000000,trắng,Xe cũ,Xăng
Ford,Ranger XLS 2.2L 4x2 AT,2022,57000,máy dầu 2.2 L,5,590000000,đỏ,Xe cũ,Dầu
Kia,Rio 1.4 AT,2014,85000,máy xăng 1.4 L,5,285000000,đỏ,Xe cũ,Xăng
Kia,Soluto 1.4 AT Deluxe,2024,6700,máy xăng 1.4 L,5,408000000,trắng,Xe cũ,Xăng
Hyundai,Accent 1.4 AT,2022,62000,máy xăng 1.4 L,5,438000000,trắng,Xe cũ,Xăng
Mazda,CX5 Premium 2.0 AT,2023,20000,máy xăng 2.0 L,5,805000000,xanh,Xe cũ,Xăng
Mercedes,Benz S class S450L,2017,59000,máy xăng 3.0 L,5,1999000000,trắng,Xe cũ,Xăng
VinFast,VF5 Plus,2024,27000,,5,499000000,trắng,Xe cũ,
Ford,Everest 2.5L 4x2 AT,2014,150000,máy dầu 2.5 L,7,445000000,hồng,Xe cũ,Dầu
Hyundai,Elantra 2.0 AT,2018,70000,máy xăng 2.0 L,5,435000000,đỏ,Xe cũ,Xăng
Maserati,Quattroporte 3.0 V6,2016,56000,máy xăng 3.0 L,5,1995000000,xanh,Xe cũ,Xăng
Honda,City RS 1.5 AT,2022,65,máy xăng 1.5 L,5,465000000,đen,Xe cũ,Xăng
Hyundai,Creta Đặc biệt 1.5 AT,2022,5000,máy xăng 1.5 L,5,595000000,đen,Xe cũ,Xăng
Toyota,Raize G 1.0 CVT,2023,30110,máy xăng 1.0 L,5,525000000,đen,Xe cũ,Xăng
Kia,Soluto 1.4 MT Deluxe,2022,34000,máy xăng 1.4 L,5,330000000,đen,Xe cũ,Xăng
Mercedes,Benz G class G63 AMG,2015,50000,máy xăng 5.5 L,5,5450000000,xám,Xe cũ,Xăng
Hyundai,Tucson 2.0 AT CRDi,2020,60000,máy dầu 2.0 L,5,740000000,trắng,Xe cũ,Dầu
Mitsubishi,Jolie MB,2004,99000,máy xăng 2.0 L,8,55000000,xám,Xe cũ,Xăng
Kia,Carnival Signature 2.2D,2022,40000,máy dầu 2.2 L,7,1225000000,xám,Xe cũ,Dầu
Bentley,Continental GT Speed,2013,15000,máy xăng 6.0 L,4,3950000000,trắng,Xe cũ,Xăng
Mercedes,Benz GLC 300 4Matic,2022,30000,máy xăng 2.0 L,5,1999000000,đen,Xe cũ,Xăng
Nissan,Navara EL Premium R,2019,83000,máy dầu 2.5 L,5,490000000,nâu,Xe cũ,Dầu
Kia,Seltos Premium 1.4 AT,2020,65000,máy xăng 1.4 L,5,560000000,đỏ,Xe cũ,Xăng
Toyota,4 Runner Limited,2013,140000,máy xăng 4.0 L,7,1550000000,đen,Xe cũ,Xăng
Mazda,3 1.5 AT,2016,9,máy xăng 1.5 L,5,379000000,xanh,Xe cũ,Xăng
Honda,Civic 1.8 AT,2006,10,máy xăng 1.8 L,5,185000000,đen,Xe cũ,Xăng
Mercedes,Benz E class E250,2014,12,máy xăng 2.0 L,5,579000000,đen,Xe cũ,Xăng
Ford,Everest Sport 2.0L 4x2 AT,2022,40000,máy dầu 2.0 L,7,1089000000,đen,Xe cũ,Dầu
Kia,Soluto 1.4 AT Deluxe,2019,39000,máy xăng 1.4 L,5,330000000,trắng,Xe cũ,Xăng
Kia,Carens 1.4T Premium,2023,13000,máy xăng 1.4 L,7,689000000,trắng,Xe cũ,Xăng
Toyota,Camry 2.5Q,2024,3700,máy xăng 2.5 L,5,1380000000,đen,Xe cũ,Xăng
Ford,Territory Titanium X 1.5 AT,2023,24000,máy xăng 1.5 L,5,839000000,đỏ,Xe cũ,Xăng
Toyota,Wigo G 1.2 AT,2023,10000,máy xăng 1.2 L,5,385000000,trắng,Xe cũ,Xăng
MG,5 Luxury 1.5 AT,2022,45000,máy xăng 1.5 L,5,415000000,vàng,Xe cũ,Xăng
Mercedes,Benz S class S450L Luxury,2020,30000,máy xăng 3.0 L,5,2839000000,đen,Xe cũ,Xăng
Mercedes,Benz GLC 300 4Matic,2022,40000,máy xăng 2.0 L,5,1890000000,đen,Xe cũ,Xăng
Hyundai,i10 Grand 1.0 MT,2014,,máy xăng 1.0 L,5,165000000,bạc,Xe cũ,Xăng
Mercedes,Benz C class C300 AMG,2022,17000,máy xăng 2.0 L,5,1759000000,đen,Xe cũ,Xăng
Toyota,Vios 1.5G,2020,69000,máy xăng 1.5 L,5,435000000,nâu,Xe cũ,Xăng
Mercedes,Benz C class C300 AMG,2017,56000,máy xăng 2.0 L,5,799000000,trắng,Xe cũ,Xăng
Mazda,CX5 Deluxe 2.0 AT,2025,1000,máy xăng 2.0 L,5,780000000,xanh,Xe cũ,Xăng
Porsche,Panamera 4 Executive,2018,40000,máy xăng 3.0 L,4,3990000000,đen,Xe cũ,Xăng
Ford,Ranger XLS 2.2L 4x2 AT,2017,44000,máy dầu 2.2 L,5,475000000,cát,Xe cũ,Dầu
VinFast,Lux SA 2.0 Plus 2.0 AT,2020,40000,máy xăng 2.0 L,7,699000000,đỏ,Xe cũ,Xăng
Toyota,Innova 2.0E,2019,100000,máy xăng 2.0 L,8,480000000,bạc,Xe cũ,Xăng
Suzuki,Ertiga GLX 1.5 AT,2019,62000,máy xăng 1.5 L,7,385000000,nâu,Xe cũ,Xăng
Toyota,Vios 1.5G,2014,11000,máy xăng 1.5 L,5,315000000,cát,Xe cũ,Xăng
Mazda,CX5 Premium Exclusive 2.0 AT,2024,14000,máy xăng 2.0 L,5,879000000,trắng,Xe cũ,Xăng
Toyota,Fortuner 2.5G,2016,,máy dầu 2.5 L,7,585000000,bạc,Xe cũ,Dầu
Hyundai,Accent 1.4 ATH,2019,79000,máy xăng 1.4 L,5,405000000,trắng,Xe cũ,Xăng
Honda,Civic 1.8 MT,2012,100000,máy xăng 1.8 L,5,268000000,đen,Xe cũ,Xăng
Toyota,Camry 2.5Q,2017,10000,máy xăng 2.5 L,5,715000000,đen,Xe cũ,Xăng
Toyota,Corolla altis 1.8V,2022,57500,máy xăng 1.8 L,5,670000000,trắng,Xe cũ,Xăng
Mercedes,Benz GLC 300 4Matic,2021,25000,máy xăng 2.0 L,5,1699000000,đỏ,Xe cũ,Xăng
MG,5 Standard 1.5 AT,2022,42000,máy xăng 1.5 L,5,418000000,đen,Xe cũ,Xăng
Toyota,Raize G 1.0 CVT,2022,60000,máy xăng 1.0 L,5,485000000,trắng,Xe cũ,Xăng
Hyundai,Kona 2.0 AT,2021,50000,máy xăng 2.0 L,5,500000000,đỏ,Xe cũ,Xăng
BMW,5 Series 535i GT,2010,90000,máy xăng 3.0 L,5,499000000,trắng,Xe cũ,Xăng
Porsche,Cayenne 3.6 V6,2015,71000,máy xăng 3.6 L,5,1599000000,vàng,Xe cũ,Xăng
Mercedes,Benz GLC 300 4Matic,2017,88000,máy xăng 2.0 L,5,999000000,trắng,Xe cũ,Xăng
Lexus,RX 450h,2018,51067,,5,2990000000,vàng,Xe cũ,
Mazda,CX5 Premium Sport 2.0 AT,2023,18000,máy xăng 2.0 L,5,835000000,đỏ,Xe cũ,Xăng
MG,ZS Comfort 1.5 AT 2WD,2023,3700,máy xăng 1.5 L,5,489000000,đỏ,Xe cũ,Xăng
Mercedes,Benz G class G63 AMG,2019,50000,máy xăng 4.0 L,5,7800000000,đen,Xe cũ,Xăng
Hyundai,Creta Đặc biệt 1.5 AT,2023,35000,máy xăng 1.5 L,5,629000000,đỏ,Xe cũ,Xăng
Hyundai,Kona 2.0 ATH,2019,41000,máy xăng 2.0 L,5,485000000,xanh,Xe cũ,Xăng
Toyota,Corolla altis 2.0V,2015,150000,máy xăng 2.0 L,5,455000000,đen,Xe cũ,Xăng
Toyota,Fortuner 2.4G 4x2 AT,2018,37000,máy dầu 2.4 L,7,848000000,đen,Xe cũ,Dầu
Mercedes,Benz GLC 300 4Matic,2018,,máy xăng 2.0 L,5,1080000000,xanh,Xe cũ,Xăng
Mercedes,Benz C class C43 AMG 4Matic,2023,2500,máy xăng 2.0 L,5,2359000000,trắng,Xe cũ,Xăng
Kia,Seltos Premium 1.4 AT,2021,50000,máy xăng 1.4 L,5,585000000,cam,Xe cũ,Xăng
Hyundai,Elantra 2.0 AT,2021,56000,máy xăng 2.0 L,5,459000000,trắng,Xe cũ,Xăng
Mercedes,Benz R class R500 4Matic,2006,78000,máy xăng 5.5 L,7,195000000,đen,Xe cũ,Xăng
Mercedes,Benz GLC 300 4Matic,2021,39000,máy xăng 2.0 L,5,1639000000,xanh,Xe cũ,Xăng
Kia,Cerato 2.0 AT Premium,2019,84132,máy xăng 2.0 L,5,436000000,đen,Xe cũ,Xăng
MG,5 Luxury 1.5 AT,2022,42000,máy xăng 1.5 L,5,410000000,vàng,Xe cũ,Xăng
Mitsubishi,Attrage 1.2 MT,2020,76982,máy xăng 1.2 L,5,268000000,trắng,Xe cũ,Xăng
Ford,EcoSport Titanium 1.5 AT,2020,40000,máy xăng 1.5 L,5,445000000,đỏ,Xe cũ,Xăng
Ford,Explorer Limited 2.3L EcoBoost,2018,80000,máy xăng 2.3 L,7,1000000000,trắng,Xe cũ,Xăng
Mazda,CX 30 Luxury 2.0 AT,2024,5298,máy xăng 2.0 L,5,695000000,đỏ,Xe cũ,Xăng
Kia,Cerato 1.6 AT Luxury,2020,40000,máy xăng 1.6 L,5,498000000,trắng,Xe cũ,Xăng
Mercedes,Benz Maybach S450 4Matic,2019,48000,máy xăng 3.0 L,5,2190000000,xanh,Xe cũ,Xăng
Lexus,RX 350 Luxury,2023,,máy xăng 2.4 L,5,3900000000,trắng,Xe cũ,Xăng
Toyota,Land Cruiser 4.6 V8,2020,82000,máy xăng 4.6 L,8,4290000000,đen,Xe cũ,Xăng
Peugeot,3008 Allure 1.6 AT,2021,9000,máy xăng 1.6 L,5,785000000,trắng,Xe cũ,Xăng
Peugeot,3008 Allure 1.6 AT,2021,9000,máy xăng 1.6 L,5,785000000,trắng,Xe cũ,Xăng
Ford,Everest Titanium 2.0L 4x4 AT,2018,98000,máy dầu 2.0 L,7,865000000,trắng,Xe cũ,Dầu
Hyundai,Accent 1.4 AT Đặc Biệt,2023,23000,máy xăng 1.4 L,5,490000000,trắng,Xe cũ,Xăng
Lexus,RX 300,2021,,máy xăng 2.0 L,5,2960000000,đen,Xe cũ,Xăng
Suzuki,Swift 1.4 AT,2014,70000,máy xăng 1.4 L,5,268000000,trắng,Xe cũ,Xăng
Mercedes,Benz GLC 300 4Matic,2018,39000,máy xăng 2.0 L,5,1190000000,trắng,Xe cũ,Xăng
Mercedes,Benz GLS 450 4Matic,2022,19000,máy xăng 3.0 L,7,4450000000,trắng,Xe cũ,Xăng
Honda,City L 1.5 AT,2022,79000,máy xăng 1.5 L,5,475000000,trắng,Xe cũ,Xăng
Toyota,Camry 2.0G,2020,70000,máy xăng 2.0 L,5,799000000,đen,Xe cũ,Xăng
Mercedes,Benz GLC 200,2022,7000,máy xăng 2.0 L,5,1539000000,đen,Xe cũ,Xăng
Toyota,Fortuner Legender 2.4L 4x2 AT,2022,10000,máy dầu 2.4 L,7,1075000000,đen,Xe cũ,Dầu
Honda,CRV L,2019,70000,máy xăng 1.5 L,7,799000000,đen,Xe cũ,Xăng
Ford,Explorer Limited 2.3L EcoBoost,2021,30000,máy xăng 2.3 L,7,1690000000,đỏ,Xe cũ,Xăng
Ford,EcoSport Titanium 1.5L AT,2019,49000,máy xăng 1.5 L,5,439000000,đỏ,Xe cũ,Xăng
Nissan,Sunny XL,2015,120000,máy xăng 1.5 L,5,175000000,trắng,Xe cũ,Xăng
Kia,Carnival Signature 2.2D,2022,20000,máy dầu 2.2 L,7,1250000000,xanh,Xe cũ,Dầu
Mazda,3 1.5L Luxury,2021,45,máy xăng 1.5 L,5,539000000,đỏ,Xe cũ,Xăng
Subaru,Forester 2.0i-L,2022,28000,máy xăng 2.0 L,5,769000000,xanh,Xe cũ,Xăng
Mercedes,Benz Maybach S450 4Matic,2020,40000,máy xăng 3.0 L,5,4350000000,trắng,Xe cũ,Xăng
Hyundai,SantaFe Cao cấp 2.2L HTRAC,2023,23000,máy dầu 2.2 L,7,1269000000,trắng,Xe cũ,Dầu
Mazda,BT50 2.2L 4x4 MT,2017,80000,máy dầu 2.2 L,5,379000000,xanh,Xe cũ,Dầu
Toyota,Land Cruiser VX 4.6 V8,2016,115000,máy xăng 4.6 L,8,2990000000,đen,Xe cũ,Xăng
Toyota,Zace GL,2004,130000,máy xăng 1.8 L,8,165000000,xanh,Xe cũ,Xăng
VinFast,Lux A 2.0 Tiêu chuẩn,2022,27000,máy xăng 2.0 L,5,610000000,đỏ,Xe cũ,Xăng
Mercedes,Benz E class E250,2009,100000,máy xăng 1.8 L,5,300000000,nâu,Xe cũ,Xăng
Ford,Escape 2.3 AT,2005,,máy xăng 2.3 L,5,99000000,đen,Xe cũ,Xăng
Hyundai,i10 Grand 1.2 AT,2020,56000,máy xăng 1.25 L,5,345000000,trắng,Xe cũ,Xăng
Toyota,Wigo 1.2G AT,2018,70000,máy xăng 1.2 L,5,285000000,cam,Xe cũ,Xăng
Toyota,Veloz Cross 1.5 CVT,2022,30000,máy xăng 1.5 L,7,575000000,trắng,Xe cũ,Xăng
Porsche,911 Carrera,2022,12000,máy xăng 3.0 L,4,7888000000,trắng,Xe cũ,Xăng
Kia,Sorento Signature 2.5 AT AWD,2021,33000,máy xăng 2.5 L,7,875000000,đỏ,Xe cũ,Xăng
Toyota,Vios G 1.5 CVT,2023,23000,máy xăng 1.5 L,5,499000000,cát,Xe cũ,Xăng
Porsche,Panamera 4 Executive,2019,40000,máy xăng 3.0 L,4,3999000000,đen,Xe cũ,Xăng
Mercedes,Benz GLC 200 4Matic,2020,90000,máy xăng 2.0 L,5,1290000000,trắng,Xe cũ,Xăng
Mercedes,Benz C class C200 Avantgarde Plus,2023,3000,máy xăng 1.5 L,5,1488000000,đen,Xe cũ,Xăng
Kia,Carens 2.0 AT,2008,99000,máy xăng 2.0 L,7,220000000,bạc,Xe cũ,Xăng
Toyota,Prado VX 2.7L,2019,78000,máy xăng 2.7 L,7,2030000000,trắng,Xe cũ,Xăng
Mercedes,Benz GLC 200,2021,39000,máy xăng 2.0 L,5,1299000000,đỏ,Xe cũ,Xăng
Mercedes,Benz GLC 300 4Matic,2021,98000,máy xăng 2.0 L,5,1590000000,xanh,Xe cũ,Xăng
Kia,Seltos Premium 1.4 AT,2022,25000,máy xăng 1.4 L,5,655000000,đen,Xe cũ,Xăng
Kia,Seltos Premium 1.4 AT,2022,25000,máy xăng 1.4 L,5,655000000,đen,Xe cũ,Xăng
Daewoo,Nubira II 1.6,2001,123456,máy xăng 1.6 L,5,52000000,trắng,Xe cũ,Xăng
Toyota,Yaris 1.5G,2019,63000,máy xăng 1.5 L,5,505000000,đỏ,Xe cũ,Xăng
Nissan,Navara EL Premium Z,2019,97000,máy dầu 2.5 L,5,465000000,đen,Xe cũ,Dầu
Hyundai,SantaFe Cao cấp 2.2L HTRAC,2022,46233,máy dầu 2.2 L,7,1135000000,vàng,Xe cũ,Dầu
Porsche,Macan 2.0,2023,15999,máy xăng 2.0 L,5,3889000000,đen,Xe cũ,Xăng
Honda,Civic 1.5L Vtec Turbo,2017,99400,máy xăng 1.5 L,5,490000000,trắng,Xe cũ,Xăng
Honda,CRV L,2021,47000,máy xăng 1.5 L,7,868000000,trắng,Xe cũ,Xăng
Mercedes,Benz C class C200 Exclusive,2020,,máy xăng 2.0 L,5,1020000000,đen,Xe cũ,Xăng
Mercedes,Benz GLC 200 4Matic,2021,40000,máy xăng 2.0 L,5,1560000000,trắng,Xe cũ,Xăng
Volkswagen,Teramont 2.0 AT,2022,,máy xăng 2.0 L,7,1749000000,đen,Xe cũ,Xăng
Honda,CRV 2.4 AT - TG,2017,68000,máy xăng 2.4 L,5,620000000,trắng,Xe cũ,Xăng
Hyundai,Tucson 2.0 AT Đặc biệt,2021,28000,máy xăng 2.0 L,5,720000000,trắng,Xe cũ,Xăng
Mitsubishi,Xpander Premium 1.5 AT,2024,9000,máy xăng 1.5 L,7,618000000,trắng,Xe cũ,Xăng
Mazda,CX5 Luxury 2.0 AT,2022,47000,máy xăng 2.0 L,5,735000000,trắng,Xe cũ,Xăng
Toyota,Prado VX 2.7L,2018,93000,máy xăng 2.7 L,7,1760000000,trắng,Xe cũ,Xăng
Hyundai,Kona 2.0 ATH,2020,50000,máy xăng 2.0 L,5,525000000,đỏ,Xe cũ,Xăng
Toyota,Corolla altis 1.8G AT,2018,60000,máy xăng 1.8 L,5,500000000,đen,Xe cũ,Xăng
Mercedes,Benz E class E180,2020,22000,máy xăng 1.5 L,5,1300000000,,Xe cũ,Xăng
Mercedes,Benz GLC 300 4Matic,2020,68000,máy xăng 2.0 L,5,1590000000,trắng,Xe cũ,Xăng
Mercedes,Benz GLC 300 4Matic,2020,68000,máy xăng 2.0 L,5,1590000000,trắng,Xe cũ,Xăng
BMW,3 Series 330i M Sport,2024,12900,máy xăng 2.0 L,5,1858000000,xám,Xe cũ,Xăng
Mercedes,Benz C class C300 AMG,2017,72000,máy xăng 2.0 L,5,879000000,trắng,Xe cũ,Xăng
Peugeot,208 1.6 AT,2013,40000,máy xăng 1.6 L,5,290000000,trắng,Xe cũ,Xăng
Kia,Morning SX 1.1 AT Sport,2011,110000,máy xăng 1.1 L,5,154000000,xám,Xe cũ,Xăng
LandRover,Range Rover Supercharged 5.0,2013,75000,máy xăng 5.0 L,5,2190000000,trắng,Xe cũ,Xăng
Toyota,Prado VX 2.7L,2022,52000,máy xăng 2.7 L,7,2880000000,đen,Xe cũ,Xăng
Kia,Cerato 2.0 AT Premium,2019,80,máy xăng 2.0 L,5,445000000,đen,Xe cũ,Xăng
Mazda,CX8 Premium AWD,2020,78000,máy xăng 2.5 L,7,779000000,trắng,Xe cũ,Xăng
Toyota,Fortuner 2.4L 4x2 AT,2022,,máy dầu 2.4 L,7,955000000,bạc,Xe cũ,Dầu
Ford,Ranger Wildtrak 2.0L 4x4 AT,2019,76000,máy dầu 2.0 L,5,638000000,đen,Xe cũ,Dầu
Toyota,Vios E CVT,2025,10,máy xăng 1.5 L,5,505000000,trắng,Xe cũ,Xăng
Mercedes,Benz GLC 250 4Matic,2016,128000,máy xăng 2.0 L,5,799000000,trắng,Xe cũ,Xăng
Mazda,3 1.5L Deluxe,2020,80000,máy xăng 1.5 L,5,492000000,xanh,Xe cũ,Xăng
Kia,Carnival Signature 2.2D,2023,30000,máy dầu 2.2 L,7,1379000000,xám,Xe cũ,Dầu
Peugeot,5008 AL 1.6 AT,2022,49000,máy xăng 1.6 L,7,899000000,đỏ,Xe cũ,Xăng
Isuzu,MU-X 2.5 4X2 MT,2017,,máy dầu 2.5 L,7,475000000,bạc,Xe cũ,Dầu
Mitsubishi,Xpander Cross 1.5 AT,2020,60000,máy xăng 1.5 L,7,535000000,trắng,Xe cũ,Xăng
Mercedes,Benz GLC 300 4Matic,2022,2900,máy xăng 2.0 L,5,1920000000,đen,Xe cũ,Xăng
Toyota,Vios G 1.5 CVT,2023,18000,máy xăng 1.5 L,5,495000000,đỏ,Xe cũ,Xăng
Toyota,Vios G 1.5 CVT,2023,18000,máy xăng 1.5 L,5,495000000,đỏ,Xe cũ,Xăng
Hyundai,Accent 1.4 AT Đặc Biệt,2022,29000,máy xăng 1.4 L,5,465000000,đen,Xe cũ,Xăng
Suzuki,Swift 1.4 AT,2017,60000,máy xăng 1.4 L,5,335000000,trắng,Xe cũ,Xăng
Toyota,Fortuner 2.7V 4x2 AT,2019,98000,máy xăng 2.7 L,7,780000000,nâu,Xe cũ,Xăng
Mitsubishi,Xpander 1.5 AT,2024,13000,máy xăng 1.5 L,7,560000000,trắng,Xe cũ,Xăng
Ford,Everest Titanium 2.0L 4x4 AT,2019,68000,máy dầu 2.0 L,7,865000000,trắng,Xe cũ,Dầu
Mercedes,Benz GLK Class GLK300 4Matic,2012,119000,máy xăng 3.0 L,5,568000000,trắng,Xe cũ,Xăng
Rolls,Royce Ghost Series II,2015,30000,máy xăng 6.6 L,4,9399000000,trắng,Xe cũ,Xăng
Mercedes,Benz GLC 300 4Matic,2021,49000,máy xăng 2.0 L,5,1789000000,trắng,Xe cũ,Xăng
Hyundai,Accent 1.4 MT,2020,92000,máy xăng 1.4 L,5,345000000,trắng,Xe cũ,Xăng
Honda,City 1.5TOP,2019,80000,máy xăng 1.5 L,5,410000000,đỏ,Xe cũ,Xăng
Hyundai,i10 Grand 1.2 AT,2019,112000,máy xăng 1.25 L,5,290000000,bạc,Xe cũ,Xăng
Mitsubishi,Attrage 1.2MT,2017,78000,máy xăng 1.2 L,5,218000000,đỏ,Xe cũ,Xăng
Kia,Carnival Signature 2.2D,2022,42000,máy dầu 2.2 L,7,1225000000,xám,Xe cũ,Dầu
Mitsubishi,Outlander 2.0 CVT,2019,72000,máy xăng 2.0 L,7,560000000,đỏ,Xe cũ,Xăng
VinFast,Fadil Tiêu chuẩn 1.4 AT,2022,20999,máy xăng 1.4 L,5,328000000,xanh,Xe cũ,Xăng
Kia,Sedona 2.2L DAT,2018,73000,máy dầu 2.2 L,7,720000000,nâu,Xe cũ,Dầu
Toyota,Veloz Cross Top 1.5 CVT,2024,18000,máy xăng 1.5 L,7,655000000,đỏ,Xe cũ,Xăng
Lexus,GX 460,2015,80000,máy xăng 4.6 L,7,2439000000,trắng,Xe cũ,Xăng
Honda,City RS 1.5 AT,2022,24000,máy xăng 1.5 L,5,525000000,trắng,Xe cũ,Xăng
Honda,City RS 1.5 AT,2022,24000,máy xăng 1.5 L,5,525000000,trắng,Xe cũ,Xăng
VinFast,Fadil 1.4 AT Plus,2020,50000,máy xăng 1.4 L,5,318000000,đỏ,Xe cũ,Xăng
Audi,Q5 2.0 AT,2017,95000,máy xăng 2.0 L,5,1059000000,đen,Xe cũ,Xăng
Maserati,Ghibli 3.0 V6,2018,18000,máy xăng 3.0 L,5,2538000000,xanh,Xe cũ,Xăng
Mercedes,Benz S class S450L Luxury,2020,61000,máy xăng 3.0 L,5,2789000000,đen,Xe cũ,Xăng
Mercedes,Benz Maybach S650,2018,20000,máy xăng 6.0 L,4,7199000000,đen,Xe cũ,Xăng
LandRover,Range Rover Autobiography LWB 5.0,2015,50000,máy xăng 5.0 L,4,3199000000,trắng,Xe cũ,Xăng
Mazda,CX5 Luxury 2.0 AT,2022,26000,máy xăng 2.0 L,5,758000000,trắng,Xe cũ,Xăng
Ford,Ranger Wildtrak 2.2L 4x2 AT,2016,79000,máy dầu 2.2 L,5,479000000,vàng,Xe cũ,Dầu
Toyota,Prado VX 2.7L,2022,50000,máy xăng 2.7 L,7,2960000000,trắng,Xe cũ,Xăng
Honda,City 1.5,2020,60000,máy xăng 1.5 L,5,412000000,trắng,Xe cũ,Xăng
Mercedes,Benz GLC 200,2019,80000,máy xăng 2.0 L,5,1090000000,đen,Xe cũ,Xăng
Ford,Ranger XLS 2.0L 4x2 AT,2024,24000,máy dầu 2.0 L,5,650000000,đen,Xe cũ,Dầu
Mazda,CX5 Premium Exclusive 2.0 AT,2023,24000,máy xăng 2.0 L,5,865000000,trắng,Xe cũ,Xăng
Mitsubishi,Xpander Premium 1.5 AT,2023,50000,máy xăng 1.5 L,7,595000000,đỏ,Xe cũ,Xăng
Mercedes,Benz GLC 200 4Matic,2021,36000,máy xăng 2.0 L,5,1579000000,trắng,Xe cũ,Xăng
Lexus,RX 350 Luxury,2023,10000,máy xăng 2.4 L,5,4450000000,bạc,Xe cũ,Xăng
BMW,3 Series 320i GT,2014,100000,máy xăng 2.0 L,5,535000000,trắng,Xe cũ,Xăng
Hyundai,Kona 2.0 ATH,2021,50000,máy xăng 2.0 L,5,540000000,xanh,Xe cũ,Xăng
Mercedes,Benz E class E200 Exclusive,2020,50000,máy xăng 2.0 L,5,1290000000,xanh,Xe cũ,Xăng
Mercedes,Benz E class E200 Exclusive,2020,50000,máy xăng 2.0 L,5,1290000000,xanh,Xe cũ,Xăng
LandRover,Range Rover Evoque SE,2022,36000,máy xăng 2.0 L,5,2400000000,trắng,Xe cũ,Xăng
Nissan,Qashqai LE AWD,2011,,máy xăng 2.0 L,5,339000000,trắng,Xe cũ,Xăng
Porsche,Cayenne 3.6 V6,2017,57000,máy xăng 3.6 L,5,2339000000,trắng,Xe cũ,Xăng
Mercedes,Benz S class S450L Luxury,2020,40000,máy xăng 3.0 L,5,2839000000,trắng,Xe cũ,Xăng
Mercedes,Benz C class C300 AMG,2021,31000,máy xăng 2.0 L,5,1259000000,đen,Xe cũ,Xăng
LandRover,Range Rover Velar R-Dynamic 3.0,2017,40000,máy xăng 3.0 L,5,2579000000,xám,Xe cũ,Xăng
Toyota,Vios E 1.5 MT,2022,139000,máy xăng 1.5 L,5,373000000,đỏ,Xe cũ,Xăng
LandRover,Range Rover SV Autobiography LWB 5.0,2016,70000,máy xăng 5.0 L,4,4979000000,trắng,Xe cũ,Xăng
Kia,Morning SLX 1.0 AT,2010,104000,máy xăng 1.0 L,5,180000000,đen,Xe cũ,Xăng
LandRover,Range Rover Autobiography LWB 3.0 I6 P360 AWD,2022,30000,máy xăng 3.0 L,5,11399000000,trắng,Xe cũ,Xăng
Kia,Rio 1.4 AT,2016,113000,máy xăng 1.4 L,5,305000000,đỏ,Xe cũ,Xăng
Chevrolet,Spark LT 0.8 MT,2010,,máy xăng 0.8 L,5,59000000,trắng,Xe cũ,Xăng
Mercedes,Benz GLC 300 4Matic,2023,16000,máy xăng 2.0 L,5,2498000000,trắng,Xe cũ,Xăng
Kia,Carnival Luxury 2.2D,2021,62000,máy dầu 2.2 L,8,1020000000,trắng,Xe cũ,Dầu
Mercedes,Benz GLC 300 4Matic,2021,50000,máy xăng 2.0 L,5,1699000000,đen,Xe cũ,Xăng
Kia,Cerato 2.0 AT Premium,2021,40000,máy xăng 2.0 L,5,508000000,đen,Xe cũ,Xăng
Lexus,GX 460,2015,95000,máy xăng 4.6 L,7,2450000000,trắng,Xe cũ,Xăng
Porsche,Cayenne 3.0 V6,2020,29992,máy xăng 3.0 L,5,3669000000,xanh,Xe cũ,Xăng
Porsche,911 Carrera,2023,1800,máy xăng 3.0 L,4,8400000000,trắng,Xe cũ,Xăng
Porsche,911 Carrera,2023,1800,máy xăng 3.0 L,4,8400000000,trắng,Xe cũ,Xăng
Mazda,BT50 2.2L 4x4 MT,2015,110000,máy dầu 2.2 L,5,328000000,bạc,Xe cũ,Dầu
Kia,Sedona 2.2 DAT Luxury,2021,73000,máy dầu 2.2 L,7,885000000,đen,Xe cũ,Dầu
Ford,Explorer Limited 2.3L EcoBoost,2022,22000,máy xăng 2.3 L,7,1869000000,trắng,Xe cũ,Xăng
Mercedes,Benz E class E180,2022,,máy xăng 1.5 L,5,1250000000,đỏ,Xe cũ,Xăng
Toyota,Vios 1.5G,2019,50000,máy xăng 1.5 L,5,430000000,xám,Xe cũ,Xăng
Ford,Ranger Wildtrak 3.2L 4x4 AT,2015,85000,máy dầu 3.2 L,5,555000000,cam,Xe cũ,Dầu
VinFast,VF5 Plus,2025,3000,,5,499000000,trắng,Xe cũ,
Chevrolet,Spark LT 1.0 MT,2013,,máy xăng 1.0 L,5,115000000,bạc,Xe cũ,Xăng
Toyota,Yaris G 1.5 AT,2020,42000,máy xăng 1.5 L,5,550000000,trắng,Xe cũ,Xăng
Toyota,Vios 1.5G,2019,62000,máy xăng 1.5 L,5,405000000,bạc,Xe cũ,Xăng
Toyota,Land Cruiser 4.6 V8,2020,98000,máy xăng 4.6 L,8,4190000000,trắng,Xe cũ,Xăng
Toyota,Innova E 2.0 MT,2022,61000,máy xăng 2.0 L,8,630000000,nâu,Xe cũ,Xăng
Hyundai,SantaFe Cao cấp 2.2L HTRAC,2021,60000,máy dầu 2.2 L,7,948000000,xanh,Xe cũ,Dầu
Hyundai,Accent 1.4 AT Đặc Biệt,2022,22000,máy xăng 1.4 L,5,399000000,xanh,Xe cũ,Xăng
Hyundai,Accent 1.4 AT,2015,82000,máy xăng 1.4 L,5,305000000,trắng,Xe cũ,Xăng
Toyota,Innova 2.0G,2017,,máy xăng 2.0 L,8,475000000,bạc,Xe cũ,Xăng
Porsche,Cayenne 3.0 V6,2020,33000,máy xăng 3.0 L,5,3800000000,nâu,Xe cũ,Xăng
Kia,Sportage Signature X-Line 2.0D,2022,29000,máy dầu 2.0 L,5,885000000,trắng,Xe cũ,Dầu
Honda,City 1.5TOP,2018,60000,máy xăng 1.5 L,5,410000000,xanh,Xe cũ,Xăng
Honda,City 1.5TOP,2018,60000,máy xăng 1.5 L,5,410000000,xanh,Xe cũ,Xăng
Hyundai,Tucson 2.0 AT Đặc biệt,2022,,máy xăng 2.0 L,5,820000000,đen,Xe cũ,Xăng
Mercedes,Benz C class C300 AMG,2017,96000,máy xăng 2.0 L,5,799000000,trắng,Xe cũ,Xăng
Mitsubishi,Xpander 1.5 AT,2021,,máy xăng 1.5 L,7,538000000,trắng,Xe cũ,Xăng
Ford,Territory Titanium X 1.5 AT,2024,13000,máy xăng 1.5 L,5,879000000,đen,Xe cũ,Xăng
Hyundai,Accent 1.4 AT Đặc Biệt,2021,50000,máy xăng 1.4 L,5,445000000,đen,Xe cũ,Xăng
Toyota,Zace GL,1999,193000,máy xăng 1.8 L,8,92000000,xanh,Xe cũ,Xăng
Lexus,RX 350,2019,43000,máy xăng 3.5 L,5,2850000000,đỏ,Xe cũ,Xăng
BMW,X5 xDrive40i xLine,2019,60000,máy xăng 3.0 L,7,2456000000,trắng,Xe cũ,Xăng
Mercedes,Benz GLS 450 4Matic,2022,40000,máy xăng 3.0 L,7,4299000000,trắng,Xe cũ,Xăng
Hyundai,SantaFe Cao cấp 2.5L HTRAC,2022,24000,máy xăng 2.5 L,7,1068000000,trắng,Xe cũ,Xăng
VinFast,Fadil 1.4 AT Plus,2020,43000,máy xăng 1.4 L,5,325000000,xanh,Xe cũ,Xăng
Mercedes,Benz GLC 200,2018,,máy xăng 2.0 L,5,920000000,trắng,Xe cũ,Xăng
Honda,City RS 1.5 AT,2022,57000,máy xăng 1.5 L,5,485000000,trắng,Xe cũ,Xăng
Hyundai,Custin Đặc Biệt 1.5T,2023,17000,máy xăng 1.5 L,7,845000000,trắng,Xe cũ,Xăng
Ford,Ranger Wildtrak 3.2L 4x4 AT,2014,90000,máy dầu 3.2 L,5,435000000,cam,Xe cũ,Dầu
Toyota,Fortuner 2.7V 4x4 AT,2017,99866,máy xăng 2.7 L,7,725000000,trắng,Xe cũ,Xăng
Honda,HRV L,2018,78797,máy xăng 1.8 L,5,520000000,xanh,Xe cũ,Xăng
Mercedes,Benz GLS 450 4Matic,2022,40600,máy xăng 3.0 L,7,4178000000,đỏ,Xe cũ,Xăng
Toyota,Innova 2.0G,2017,79600,máy xăng 2.0 L,8,516000000,xám,Xe cũ,Xăng
Honda,City RS 1.5 AT,2022,57000,máy xăng 1.5 L,5,485000000,trắng,Xe cũ,Xăng
Hyundai,Custin Đặc Biệt 1.5T,2023,17000,máy xăng 1.5 L,7,845000000,trắng,Xe cũ,Xăng
Ford,Ranger Wildtrak 3.2L 4x4 AT,2014,90000,máy dầu 3.2 L,5,435000000,cam,Xe cũ,Dầu
Toyota,Fortuner 2.7V 4x4 AT,2017,99866,máy xăng 2.7 L,7,725000000,trắng,Xe cũ,Xăng
Honda,HRV L,2018,78797,máy xăng 1.8 L,5,520000000,xanh,Xe cũ,Xăng
Mercedes,Benz GLS 450 4Matic,2022,40600,máy xăng 3.0 L,7,4178000000,đỏ,Xe cũ,Xăng
Toyota,Innova 2.0G,2017,79600,máy xăng 2.0 L,8,516000000,xám,Xe cũ,Xăng
Ford,Everest Titanium 2.0L 4x2 AT,2023,5500,máy dầu 2.0 L,7,1279000000,cam,Xe cũ,Dầu
Honda,City G 1.5 AT,2022,,máy xăng 1.5 L,5,429000000,đen,Xe cũ,Xăng
Mitsubishi,Pajero Sport 3.0G 4x4 AT Premium,2018,900000,máy xăng 3.0 L,7,650000000,đen,Xe cũ,Xăng
BMW,X3 xDrive20i,2020,96000,máy xăng 2.0 L,5,1350000000,đen,Xe cũ,Xăng
Hyundai,Creta Tiêu chuẩn 1.5 AT,2023,25000,máy xăng 1.5 L,5,579000000,trắng,Xe cũ,Xăng
Mazda,6 Premium 2.0 AT,2020,83000,máy xăng 2.0 L,5,579000000,đỏ,Xe cũ,Xăng
Ford,Ranger Raptor 2.0L 4x4 AT,2023,19789,máy dầu 2.0 L,5,1200000000,xám,Xe cũ,Dầu
Mitsubishi,Xpander 1.5 AT,2022,49000,máy xăng 1.5 L,7,499000000,trắng,Xe cũ,Xăng
Toyota,Camry 2.0E,2013,120000,máy xăng 2.0 L,5,420000000,đen,Xe cũ,Xăng
Mitsubishi,Xpander Cross 1.5 AT,2020,62000,máy xăng 1.5 L,7,508000000,trắng,Xe cũ,Xăng
LandRover,Range Rover HSE 3.0,2015,100000,máy xăng 3.0 L,5,2180000000,đen,Xe cũ,Xăng
VinFast,Lux A 2.0 Tiêu chuẩn,2022,42000,máy xăng 2.0 L,5,615000000,trắng,Xe cũ,Xăng
Chevrolet,Trailblazer LTZ 2.5L VGT 4x4 AT,2018,80000,máy dầu 2.5 L,7,609000000,xám,Xe cũ,Dầu
Toyota,Camry 2.0E,2013,120000,máy xăng 2.0 L,5,420000000,đen,Xe cũ,Xăng
Mitsubishi,Xpander Cross 1.5 AT,2020,62000,máy xăng 1.5 L,7,508000000,trắng,Xe cũ,Xăng
LandRover,Range Rover HSE 3.0,2015,100000,máy xăng 3.0 L,5,2180000000,đen,Xe cũ,Xăng
VinFast,Lux A 2.0 Tiêu chuẩn,2022,42000,máy xăng 2.0 L,5,615000000,trắng,Xe cũ,Xăng
Chevrolet,Trailblazer LTZ 2.5L VGT 4x4 AT,2018,80000,máy dầu 2.5 L,7,609000000,xám,Xe cũ,Dầu
Audi,Q5 2.0 AT,2016,96000,máy xăng 2.0 L,5,829000000,trắng,Xe cũ,Xăng
Lexus,RX 350,2018,30000,máy xăng 3.5 L,5,2699000000,đen,Xe cũ,Xăng
Mercedes,Benz GLC 300 4Matic,2021,39000,máy xăng 2.0 L,5,1699000000,trắng,Xe cũ,Xăng
Mercedes,Benz S class S450L,2019,45000,máy xăng 3.0 L,5,2399000000,trắng,Xe cũ,Xăng
Audi,Q5 45 TFSI Quattro,2021,34000,máy xăng 2.0 L,5,1799000000,đen,Xe cũ,Xăng
Porsche,Cayenne 3.0 V6,2019,50000,máy xăng 3.0 L,5,3300000000,trắng,Xe cũ,Xăng
Mercedes,Benz C class C250 Exclusive,2015,86000,máy xăng 2.0 L,5,618000000,đen,Xe cũ,Xăng
Mercedes,Benz GLC 200 4Matic,2022,42000,máy xăng 2.0 L,5,1629000000,trắng,Xe cũ,Xăng
Mercedes,Benz C class C200 Exclusive,2019,60000,máy xăng 2.0 L,5,945000000,trắng,Xe cũ,Xăng
Nissan,Kicks e-Power V,2023,8000,,5,670000000,đỏ,Xe cũ,
Mazda,3 1.5L Deluxe,2020,69000,máy xăng 1.5 L,5,515000000,đen,Xe cũ,Xăng
Toyota,Avanza Premio 1.5 AT,2022,60000,máy xăng 1.5 L,7,499000000,trắng,Xe cũ,Xăng
Mercedes,Benz GLC 300 4Matic,2020,52000,máy xăng 2.0 L,5,1380000000,trắng,Xe cũ,Xăng
Mercedes,Benz E class E200 Exclusive,2020,58000,máy xăng 2.0 L,5,1179000000,trắng,Xe cũ,Xăng
Audi,A4 2.0 TFSI,2016,61000,máy xăng 2.0 L,5,690000000,đen,Xe cũ,Xăng
